id,type,name,aliases,region,state,city,lat,lon,facets,what,root,kin,sources,tier,confidence,needs_verification,updated,url
eastern-nc,style,Eastern North Carolina barbecue,Eastern-style|Down East barbecue|whole-hog barbecue|Eastern Carolina barbecue,nc-east|nc,NC,,35.47,-77.42,"{""state"": ""NC"", ""meat"": ""whole hog"", ""base"": ""vinegar-pepper"", ""fuel"": ""mixed""}","The whole pig, split and cooked over coals or on a gas or electric cooker, then chopped — skin, ham, shoulder, loin and belly together, 'every part of the hog except the squeal' — and dressed after cooking with a thin sauce of vinegar, salt, black pepper and crushed red pepper. No tomato. It is served with mayonnaise slaw, cornbread or hushpuppies, and often boiled potatoes, on a tray or a sandwich with the slaw on the meat. The style belongs to the Coastal Plain east of Raleigh; Ayden, Goldsboro, Wilson, Kinston, Rocky Mount and Greenville are its towns.",,lexington|vinegar-pepper-sauce|whole-hog|white-slaw|cornbread|pig-pickin|skylight-inn|sc-pee-dee|barbecue,s:wp-barbecue-in-north-carolina|s:reed-holy-smoke|s:garner-flavored-by-time|s:miller-black-smoke|s:ncpedia-barbecue|s:wp-skylight-inn-bbq|s:wp-meltons-barbecue,cited,high,False,2026-09-16,https://nanobotco.github.io/carolina-barbecue/style/eastern-nc/
lexington,style,Lexington-style barbecue,Lexington barbecue|Piedmont-style barbecue|Western-style barbecue|Western North Carolina barbecue,nc-piedmont|nc,NC,,35.797,-80.274,"{""state"": ""NC"", ""meat"": ""shoulder"", ""base"": ""lexington-dip"", ""fuel"": ""wood""}","Pork shoulders cooked slowly over hardwood coals, usually hickory, then chopped, coarse-chopped or sliced and dressed with a thin red sauce the Piedmont calls dip: vinegar, ketchup or tomato, water, salt, pepper and red pepper, sweeter or hotter by the house. It comes with red slaw — cabbage dressed with the same dip instead of mayonnaise — and hushpuppies, on a tray or a bun. The style belongs to the Piedmont west of Raleigh. Lexington, a Davidson County town of about 20,000 that calls itself the Barbecue Capital of the World and counted more than twenty barbecue restaurants in 2003, is its center; Greensboro, Salisbury, Shelby and High Point are its other towns.",,eastern-nc|lexington-dip|red-slaw|pork-shoulder|hickory-and-oak|outside-brown|hushpuppies|barbecue-tray|barbecue-sandwich|chopped|dip|piedmont|sid-weaver|jess-swicegood|warner-stamey|wayne-monk|jerry-bledsoe|dennis-rogers|lexington-barbecue|bar-b-q-center|stameys-barbecue|red-bridges-barbecue-lodge|cooks-barbecue|short-sugars|lexington-barbecue-festival|sc-light-tomato|barbecue,s:wp-barbecue-in-north-carolina|s:wp-lexington-north-carolina|s:wp-lexington-barbecue-festival|s:wp-lexington-barbecue|s:wp-north-carolina-barbecue-society|s:wp-coleslaw|s:web-stameys-history|s:web-ourstate-stameys|s:web-ourstate-lexington-barbecue|s:web-ourstate-lexington-cover-up|s:web-abc-barbecue-feud|s:web-bbqjew-defining-styles|s:web-lexbbq|s:web-sfa-nc-trail|s:web-scba-bbq-history|s:reed-holy-smoke,cited,high,False,2026-09-15,https://nanobotco.github.io/carolina-barbecue/style/lexington/
sc-heavy-tomato,style,Heavy tomato barbecue,heavy-tomato style|tomato-and-sugar barbecue|Upstate barbecue|western South Carolina barbecue,sc-upstate|sc,SC,,34.8611,-82.4133,"{""state"": ""SC"", ""meat"": ""shoulder"", ""base"": ""heavy-tomato"", ""fuel"": ""mixed""}","Pork shoulders and butts, ribs and chicken cooked over hickory or on cookers and served with a thick, sweet, red sauce of tomato, brown sugar or molasses, vinegar and spices — the sauce the state tourism office says you are most likely to find on a grocery shelf, and the one most of the country means by barbecue sauce. The four-sauce map gives it the western and northwestern corner of South Carolina: Greenville, Spartanburg, Anderson, Greenwood, the Savannah River side. Hash here is often beef, or pork and beef with onions, over rice.",,heavy-tomato-sauce|sc-light-tomato|sc-mustard|sc-pee-dee|hash-and-rice|pork-shoulder|hickory-and-oak|henrys-smokehouse|festival-of-discovery|lake-high|south-carolina-barbeque-association,s:wp-barbecue-in-south-carolina|s:wp-barbecue-sauce|s:wp-hash-stew|s:web-sc-four-sauces|s:sc-parks-sauce-map|s:web-scba-bbq-history|s:web-henrys-smokehouse|s:web-henrys-destination-bbq|s:web-discovergreenwood-festival|s:high-sc-barbeque,cited,medium,True,2026-09-16,https://nanobotco.github.io/carolina-barbecue/style/sc-heavy-tomato/
sc-light-tomato,style,Light tomato barbecue,light-tomato style|vinegar-and-ketchup barbecue|upper Midlands barbecue,sc-pee-dee|sc-upstate|sc,SC,,34.705,-81.2133,"{""state"": ""SC"", ""meat"": ""mixed"", ""base"": ""light-tomato"", ""fuel"": ""mixed""}","Pork — whole hog in the Pee Dee, shoulders and hams in the upper Midlands — cooked over coals or on cookers and served with a thin sauce that is the Carolinas' vinegar-and-pepper with ketchup stirred in. On South Carolina's four-sauce map, as the state tourism office and the South Carolina Barbeque Association publish it, it holds the Pee Dee and the upper middle of the state along the North Carolina line. Hash comes with it, of beef as often as pork toward the Upstate. It is the South Carolina twin of Lexington's dip, and the Barbeque Association's history maps the North Carolina Piedmont and the South Carolina Pee Dee as one light-tomato country.",,light-tomato-sauce|lexington|lexington-dip|vinegar-pepper-sauce|sc-pee-dee|sc-heavy-tomato|sc-mustard|hash-and-rice|midway-bbq|lake-high|robert-moss|pee-dee|piedmont|south-carolina-barbeque-association,s:wp-barbecue-in-south-carolina|s:wp-barbecue-sauce|s:wp-hash-stew|s:web-sc-four-sauces|s:sc-parks-sauce-map|s:web-scba-bbq-history|s:web-sfa-midway|s:web-midway-bbq|s:high-sc-barbeque,cited,medium,True,2026-09-15,https://nanobotco.github.io/carolina-barbecue/style/sc-light-tomato/
sc-mustard,style,South Carolina mustard barbecue,Midlands barbecue|mustard-based barbecue|Carolina Gold barbecue|Dutch Fork barbecue,sc-midlands|sc,SC,,34.0006,-81.0347,"{""state"": ""SC"", ""meat"": ""mixed"", ""base"": ""mustard"", ""fuel"": ""mixed""}","Pork — whole hogs at some pits, hams or shoulders at others — cooked over hardwood coals or on cookers, chopped or pulled, and dressed with a yellow sauce of prepared mustard, vinegar, sugar and spices. Hash, a stew of pork and onions that in the Midlands often takes mustard too, comes over white rice beside it, and the meal is often a buffet. The style belongs to the Midlands, the counties around Columbia: a belt the geographers Charles Kovacik and John Winberry drew in 1987 from Newberry and Lexington counties down through Orangeburg toward Charleston, the German-settled country whose fork of the Saluda and Broad rivers is called the Dutch Fork.",,mustard-sauce|hash-and-rice|sc-pee-dee|sc-light-tomato|sc-heavy-tomato|eastern-nc|whole-hog|pork-shoulder|hickory-and-oak|dutch-fork|carolina-gold|maurice-bessinger|joe-bessinger|lake-high|robert-moss|maurices-piggie-park|bessingers-bar-b-q|sweatmans-bar-b-que|dukes-bar-b-que|hites-bar-b-q|shealys-bar-b-que|jackie-hites-bar-b-q|cannons-bbq|south-carolina-barbeque-association|barbecue-sandwich,s:wp-barbecue-in-south-carolina|s:wp-dutch-fork|s:wp-orangeburg-south-carolina|s:wp-maurice-bessinger|s:wp-newman-v-piggie-park|s:wp-dukes-bar-b-que|s:wp-hash-stew|s:web-sc-four-sauces|s:sc-parks-sauce-map|s:web-scba-bbq-history|s:web-piggiepark-mustard|s:web-charlestonmag-mustard-migration|s:web-bessingers-destination-bbq|s:web-sfa-sweatmans|s:web-sweatmans-history|s:web-hites-destination-bbq|s:web-sfa-jackie-hites|s:web-shealys|s:high-sc-barbeque,cited,high,False,2026-09-15,https://nanobotco.github.io/carolina-barbecue/style/sc-mustard/
sc-pee-dee,style,Pee Dee whole-hog barbecue,Pee Dee barbecue|vinegar-and-pepper barbecue|Williamsburg County barbecue|South Carolina whole hog,sc-pee-dee|sc-lowcountry|sc,SC,,33.7517,-79.4464,"{""state"": ""SC"", ""meat"": ""whole hog"", ""base"": ""vinegar-pepper"", ""fuel"": ""wood""}","Whole hogs cooked overnight over hardwood coals, pulled or chopped, and dressed with a thin sauce of vinegar, salt, black pepper and red pepper — the same sauce as eastern North Carolina's across the state line. The skin is taken off and fried into skins sold by the bag. Hash over rice, chicken bog, slaw and white bread fill the plate, often from a buffet. The style belongs to the Pee Dee, the northeast of South Carolina along the Pee Dee and Black rivers — Hemingway, Kingstree, Manning, Florence — and runs down the coast, where the state tourism office marks vinegar-and-pepper as the sauce of the shore.",,eastern-nc|vinegar-pepper-sauce|sc-mustard|sc-light-tomato|whole-hog|pork-skins|hash-and-rice|chicken-bog|burn-barrel|block-pit|direct-heat|pee-dee|rodney-scott|scotts-bar-b-que|rodney-scotts-whole-hog-bbq|browns-bar-b-que|mccabes-bar-b-q|coopers-country-store|pig-pickin|southern-foodways-alliance|barbecue-sandwich,s:wp-barbecue-in-south-carolina|s:wp-barbecue-sauce|s:wp-scotts-variety-store-and-bar-b-q|s:wp-rodney-scott|s:wp-rodney-scotts-whole-hog-bbq|s:wp-kingstree-south-carolina|s:wp-hemingway-south-carolina|s:wp-chicken-bog|s:wp-whole-hog-barbecue|s:web-sc-four-sauces|s:web-scba-bbq-history|s:web-sfa-scotts|s:web-scotts-destination-bbq|s:web-sfa-coopers|s:web-sfa-browns|s:web-sc-whole-hog|s:web-sfa-sc-trail|s:sfa-oral-histories,cited,high,False,2026-09-15,https://nanobotco.github.io/carolina-barbecue/style/sc-pee-dee/
bone-suckin-sauce,sauce,Bone Suckin' Sauce,Bone Suckin' Sweet Southern|Ford's Foods sauce,nc-east|nc,,,,,"{""base"": ""heavy-tomato"", ""styles"": [""eastern-nc""]}","A Raleigh line of bottled sauces, of which the one that built the brand is Sweet Southern: cane sugar first, tomato puree second, water third, apple cider vinegar fourth, at six grams of sugar to the tablespoon. The house also bottles an Eastern Vinegar sauce, whose label puts apple cider vinegar and distilled vinegar first and tomato paste sixth, and a mustard whose seven ingredients name no tomato at all. One maker, three readings of the same state's shelf.",,heavy-tomato-sauce|eastern-nc|vinegar-pepper-sauce|mustard-sauce|pork-shoulder,s:web-bonesuckin-sweet-southern|s:web-bonesuckin-eastern-vinegar|s:web-bonesuckin-mustard|s:web-bonesuckin-eastern-nc-page|s:web-usda-fdc-branded|s:web-sauce-harvest-2026-09-16|s:wikibooks-barbecue-sauce-kansas-city-style|s:wikibooks-barbecue-sauce-i|s:book-mrs-hills-new-cook-book,cited,high,False,2026-09-16,https://nanobotco.github.io/carolina-barbecue/sauce/bone-suckin-sauce/
carolina-treet,sauce,Carolina Treet,Carolina Treet Cooking Barbecue Sauce|Carolina Treet Original,nc-east|nc,,,,,"{""base"": ""other"", ""styles"": [""eastern-nc""]}","A Wilmington sauce that fits none of the four Carolina bases. Its label reads water, vinegar, wheat flour, salt, soybean oil, paprika, garlic, onion, xanthan gum, spices — no tomato, no mustard, no sugar. The wheat flour does what tomato paste does elsewhere: it thickens. What it tastes of is vinegar, smoke and salt, and it carries 536 milligrams of sodium in a tablespoon, the highest figure among the sixty-eight bottles this project measured. The bottle calls itself a cooking barbecue sauce, meaning it goes on during the cook rather than at the table.",,eastern-nc|vinegar-pepper-sauce|barbecue-chicken|heavy-tomato-sauce,s:web-usda-fdc-branded|s:web-legacyfamilyfoods|s:web-sauce-harvest-2026-09-16|s:book-mrs-hills-new-cook-book|s:book-virginia-house-wife,harvested,medium,True,2026-09-16,https://nanobotco.github.io/carolina-barbecue/sauce/carolina-treet/
georges-barbecue-sauce,sauce,George's Barbecue Sauce,George's Sauce|George's Original|George's of Nashville,nc-east|nc,,,,,"{""base"": ""lexington-dip"", ""styles"": [""eastern-nc""]}","A bottled sauce from Nashville, North Carolina, a Nash County town on the edge of the Coastal Plain, sold in three strengths: Original, Hot and Special. The Original's label reads vinegar, water, tomato concentrate, tomato paste, sugar, apples, salt, high fructose corn syrup, corn syrup, red pepper and spices — vinegar leading, tomato third and fourth, and a sweetening that runs to three separate entries. It carries 3.5 grams of sugar in a tablespoon and 180 milligrams of sodium. The Special reverses the first four: tomato concentrate and tomato paste come before the water and the vinegar, and jalapenos join the list.",,eastern-nc|lexington-dip|vinegar-pepper-sauce|scotts-barbecue-sauce|pulled-pork,s:web-georges-our-story|s:web-usda-fdc-branded|s:web-sauce-harvest-2026-09-16|s:wikibooks-eastern-north-carolina-barbecue-sauce|s:book-mrs-hills-new-cook-book|s:wikibooks-barbecue-sauce-sweet,cited,high,False,2026-09-16,https://nanobotco.github.io/carolina-barbecue/sauce/georges-barbecue-sauce/
golding-farms-sauces,sauce,Golding Farms Foods,Golding Farms|Golding Blends,nc-piedmont|nc,,,,,"{""base"": ""mustard"", ""styles"": [""lexington""]}","A Winston-Salem sauce manufacturer, the second of that city's two, and one whose output mostly reaches a table under someone else's name. It sells a retail line under the Golding Farms label — the Honey Mustard dipping sauce reads distilled vinegar, canola oil, sugar, honey, water, mustard seed, at 3.5 grams of sugar to the tablespoon — and blends and packs sauces for brands, food service and industrial customers.",,texas-pete|mustard-sauce|lexington,s:web-goldingblends-about|s:web-usda-fdc-branded|s:web-sauce-harvest-2026-09-16|s:book-mrs-hills-new-cook-book|s:wikibooks-savory-mustard-sauce|s:wikibooks-barbecue-sauce-sweet,cited,medium,True,2026-09-16,https://nanobotco.github.io/carolina-barbecue/sauce/golding-farms-sauces/
heavy-tomato-sauce,sauce,heavy tomato sauce,tomato-and-sugar sauce|sweet red sauce|thick tomato barbecue sauce|Kansas City-style sauce,sc-upstate|sc|us-south,,,,,"{""base"": ""heavy-tomato"", ""styles"": [""sc-heavy-tomato""]}","A thick red sauce built on tomato — ketchup, paste or sauce — sweetened with brown sugar or molasses, soured with vinegar and seasoned with spices, cooked down until it clings. It is the sauce of the western and northwestern corner of South Carolina on the state's four-sauce map: the tourism office's 'tomato-and-sugar sauce', the one it says you are most likely to find on a grocery shelf. It goes on after cooking — on the plate, on the bun, on ribs and chicken — and sits on the meat rather than soaking in.",,sc-heavy-tomato|light-tomato-sauce|mustard-sauce|vinegar-pepper-sauce|lexington-dip|pork-shoulder|henrys-smokehouse|festival-of-discovery,s:web-usda-fdc-branded|s:wp-barbecue-in-south-carolina|s:wp-barbecue-sauce|s:web-sc-four-sauces|s:sc-parks-sauce-map|s:web-scba-bbq-history|s:web-henrys-smokehouse|s:web-henrys-destination-bbq|s:web-discovergreenwood-festival|s:wikibooks-barbecue-sauce-kansas-city-style|s:wikibooks-barbecue-sauce-i|s:wikibooks-barbecue-sauce-sweet|s:wikibooks-barbecue-sauce-ii,cited,medium,True,2026-09-16,https://nanobotco.github.io/carolina-barbecue/sauce/heavy-tomato-sauce/
lexington-dip,sauce,Lexington dip,dip|Lexington-style sauce|Piedmont sauce|Western sauce|red sauce|barbecue dip,nc-piedmont|nc,,,,,"{""base"": ""lexington-dip"", ""styles"": [""lexington""]}","The Piedmont's sauce: the east's vinegar, salt, pepper and red pepper with ketchup or tomato and water added, sometimes sugar, so that it comes out thin and reddish — tangy, a little sweet or hot by the house, and every restaurant's recipe its own. It is the sauce of pork-shoulder barbecue in Lexington, Greensboro, Salisbury, Shelby and the rest of the Piedmont. It is basted on the shoulders as they cook, goes on the chopped meat at the block, stands on the table, and, in place of mayonnaise, dresses the red slaw.","English dip (n.), from the verb dip, Old English dyppan, Proto-Germanic *daupejanan, a causative of *deup- 'deep'. The noun 'act of dipping' is recorded from the 1590s and the sense 'a liquid into which something is dipped' by 1825.",lexington|red-slaw|vinegar-pepper-sauce|light-tomato-sauce|heavy-tomato-sauce|mustard-sauce|pork-shoulder|barbecue-tray|barbecue-sandwich|dip|lexington-barbecue|bar-b-q-center|stameys-barbecue|warner-stamey|wayne-monk|sid-weaver|jess-swicegood|jerry-bledsoe|dennis-rogers|sc-light-tomato,s:web-stameys-shop|s:web-sauce-harvest-2026-09-16|s:wp-barbecue-in-north-carolina|s:wp-lexington-north-carolina|s:wp-north-carolina-barbecue-society|s:wp-barbecue-sauce|s:wp-coleslaw|s:etymonline|s:web-ourstate-lexington-cover-up|s:web-ourstate-stameys|s:web-stameys-history|s:web-ourstate-lexington-barbecue|s:web-abc-barbecue-feud|s:web-bbqjew-defining-styles|s:web-sfa-nc-trail|s:web-scba-bbq-history|s:reed-holy-smoke|s:wikibooks-eastern-north-carolina-barbecue-sauce|s:wikibooks-barbecue-sauce-sweet|s:book-mrs-hills-new-cook-book,cited,high,False,2026-09-16,https://nanobotco.github.io/carolina-barbecue/sauce/lexington-dip/
light-tomato-sauce,sauce,light tomato sauce,light-tomato barbecue sauce|vinegar-and-ketchup sauce|thin red sauce,sc-pee-dee|sc-upstate|nc-piedmont|carolinas,,,,,"{""base"": ""light-tomato"", ""styles"": [""sc-light-tomato"", ""lexington""]}","Vinegar-and-pepper sauce with ketchup added — enough to redden and sweeten it a little, not enough to thicken it — and often cayenne or a bottled hot sauce. The state tourism office's description is the whole recipe: 'a vinegar-and-pepper sauce with ketchup added for a little sweetness'. It is the sauce of South Carolina's Pee Dee and upper Midlands on the state's four-sauce map, and the same idea as the Lexington dip across the line, which the South Carolina Barbeque Association counts as the same sauce. It goes on chopped pork at the block and stands on the table.",,sc-light-tomato|lexington-dip|vinegar-pepper-sauce|heavy-tomato-sauce|mustard-sauce|sc-pee-dee|lexington|texas-pete|midway-bbq|lake-high|robert-moss,s:web-sauce-harvest-2026-09-16|s:wp-barbecue-in-south-carolina|s:wp-barbecue-sauce|s:web-sc-four-sauces|s:sc-parks-sauce-map|s:web-scba-bbq-history|s:web-texas-pete-eastern-carolina|s:web-midway-bbq|s:high-sc-barbeque|s:wikibooks-eastern-north-carolina-barbecue-sauce|s:wikibooks-barbecue-sauce-sweet|s:book-mrs-hills-new-cook-book,cited,medium,True,2026-09-16,https://nanobotco.github.io/carolina-barbecue/sauce/light-tomato-sauce/
maurices-southern-gold,sauce,Maurice's Southern Gold,Southern Gold BBQ Sauce|Maurice's Gourmet Blend|Carolina Gold (former name),sc-midlands|sc,,,,,"{""base"": ""mustard"", ""styles"": [""sc-mustard""]}","The mustard sauce of Maurice's Piggie Park at West Columbia, sold in bottles, half gallons and gallons alongside the family's Hickory Red, Vinegar and Hot Pepper sauces. It is the bottle that carried the South Carolina mustard sauce onto national supermarket shelves in the 1990s, then off them again in 2000. No ingredient list or Nutrition Facts panel is published for it, so this page can name the sauce and its history but cannot measure it.",,mustard-sauce|sc-mustard|maurices-piggie-park|maurice-bessinger|carolina-gold|hash-and-rice,s:wp-maurice-bessinger|s:wp-newman-v-piggie-park|s:web-piggiepark-shop|s:web-piggiepark-about|s:web-sc-four-sauces|s:web-sauce-harvest-2026-09-16|s:book-mrs-hills-new-cook-book|s:wikibooks-savory-mustard-sauce|s:wikibooks-barbecue-sauce-sweet,cited,high,False,2026-09-16,https://nanobotco.github.io/carolina-barbecue/sauce/maurices-southern-gold/
melvins-golden-sauce,sauce,Melvin's Golden Sauce,Melvin's Original Golden Secret|Golden Secret Sauce,sc-lowcountry|sc,,,,,"{""base"": ""mustard"", ""styles"": [""sc-mustard""]}","The mustard sauce of Melvin's Bar-B-Que in Charleston, sold in 16-ounce glass bottles, half gallons and gallons, beside the house's Southern Red, Sweet Red and Vinegar sauces. The maker publishes no ingredient list and no Nutrition Facts for any of the four, so what this page can give is the history the family tells and the shape of its line, not a measurement.",,mustard-sauce|sc-mustard|joe-bessinger|melvins-legendary-bar-b-que|maurices-southern-gold|heavy-tomato-sauce|vinegar-pepper-sauce,s:web-melvinsbbq-golden|s:web-melvins-our-story|s:web-sfa-melvins-legendary-bar-b-q|s:web-sc-four-sauces|s:web-sauce-harvest-2026-09-16|s:book-mrs-hills-new-cook-book|s:wikibooks-savory-mustard-sauce,cited,medium,True,2026-09-16,https://nanobotco.github.io/carolina-barbecue/sauce/melvins-golden-sauce/
mustard-sauce,sauce,mustard-based barbecue sauce,Carolina Gold|South Carolina mustard sauce|yellow sauce|gold sauce|Southern Gold (Maurice's),sc-midlands|sc-lowcountry|sc,,,,,"{""base"": ""mustard"", ""styles"": [""sc-mustard""]}","Prepared yellow mustard thinned with vinegar and sweetened with sugar or brown sugar, with black and red pepper and whatever else the house keeps to itself — Bessinger's bottled version listed mustard, brown sugar, soy sauce and vinegar. It is yellow to gold, pourable, sweet-sour with a mustard bite. It belongs to the Midlands of South Carolina, the belt of German-settled counties from Newberry and Lexington through Orangeburg toward Charleston, and is the sauce the state is known for elsewhere. It goes on chopped or pulled pork at the block, is basted on whole hogs at some pits, and goes into hash.","Carolina Gold: Maurice Bessinger's supermarket brand name for his mustard sauce, from the sauce's colour and the state. 'Carolina Gold' is also the name of the Lowcountry's rice variety, popularised in South Carolina in the 1780s and named for the golden colour of its unhulled grain; the sauce and the rice are unrelated, and the rice's name is the older by two centuries.",sc-mustard|hash-and-rice|vinegar-pepper-sauce|lexington-dip|light-tomato-sauce|heavy-tomato-sauce|whole-hog|carolina-gold|dutch-fork|maurice-bessinger|joe-bessinger|lake-high|maurices-piggie-park|bessingers-bar-b-q|sweatmans-bar-b-que|hites-bar-b-q|dukes-bar-b-que|shealys-bar-b-que|jackie-hites-bar-b-q|cannons-bbq|henrys-smokehouse|barbecue-sandwich,s:web-melvinsbbq-golden|s:web-piggiepark-shop|s:web-sauce-harvest-2026-09-16|s:wp-barbecue-in-south-carolina|s:wp-barbecue-sauce|s:wp-maurice-bessinger|s:wp-newman-v-piggie-park|s:wp-dukes-bar-b-que|s:wp-hash-stew|s:wp-carolina-gold|s:wp-barbecue-sandwich|s:wp-orangeburg-south-carolina|s:wp-dutch-fork|s:web-sc-four-sauces|s:web-scba-bbq-history|s:web-piggiepark-mustard|s:web-charlestonmag-mustard-migration|s:web-bessingers-destination-bbq|s:web-sweatmans-history|s:web-hites-destination-bbq|s:web-sfa-jackie-hites|s:web-henrys-destination-bbq|s:web-shealys|s:book-mrs-hills-new-cook-book|s:wikibooks-savory-mustard-sauce|s:wikibooks-barbecue-sauce-sweet,cited,high,False,2026-09-16,https://nanobotco.github.io/carolina-barbecue/sauce/mustard-sauce/
sam-jones-sauce,sauce,Sam Jones BBQ sauce,Sam Jones Sweet BBQ Sauce|Sam Jones Vinegar,nc-east|nc,,,,,"{""base"": ""heavy-tomato"", ""styles"": [""eastern-nc""]}","A bottled line from the whole-hog house Sam Jones opened at Winterville in 2015, third generation of the Skylight Inn family at Ayden. The Sweet bottle's Nutrition Facts give 10 grams of total sugars and 210 milligrams of sodium in a 2-tablespoon serving, which is 5 grams of sugar and 105 milligrams of sodium to the tablespoon, but the record carries no ingredient list, so its order cannot be read and its base is recorded as other.",,sam-jones-bbq|sam-jones|eastern-nc|vinegar-pepper-sauce|whole-hog|skylight-inn,s:web-openfoodfacts|s:web-samjones-store|s:web-ourstate-sam-jones-legacy|s:web-gardenandgun-sam-jones-2019|s:web-sauce-harvest-2026-09-16|s:wikibooks-eastern-north-carolina-barbecue-sauce|s:wikibooks-eastern-north-carolina-barbecued-pig|s:wikibooks-barbecue-sauce-sweet,harvested,medium,True,2026-09-16,https://nanobotco.github.io/carolina-barbecue/sauce/sam-jones-sauce/
scotts-barbecue-sauce,sauce,Scott's Barbecue Sauce,Scott's Famous Barbecue Sauce|Adam Scott's sauce|Scott's of Goldsboro,nc-east|nc,,,,,"{""base"": ""vinegar-pepper"", ""styles"": [""eastern-nc""]}","A bottled eastern North Carolina sauce — vinegar-based, the recipe kept secret, sold as sugar-free and fat-free — made by the Scott family of Goldsboro since the mid-1940s from a recipe the Rev. Adam Scott, a Black Holiness minister who began selling barbecue there in 1917, said came to him in a dream. His son A. Martel Scott Sr. patented it in 1946. The North Carolina Arts Council's trail page calls it 'believed to be the oldest commercially available barbecue sauce in the country'. It is sold in Harris Teeter and Food Lion and from the family's website, and the label offers it for meats, seafood, poultry and vegetables.",,eastern-nc|vinegar-pepper-sauce|adam-scott|scotts-famous-barbecue|whole-hog|texas-pete,s:web-sauce-harvest-2026-09-16|s:web-scotts-history|s:web-cecelski-adam-scott|s:web-ncarts-goldsboro|s:wp-barbecue-in-north-carolina|s:reed-holy-smoke|s:book-virginia-house-wife|s:book-mrs-hills-new-cook-book|s:wikibooks-eastern-north-carolina-barbecue-sauce,cited,medium,True,2026-09-16,https://nanobotco.github.io/carolina-barbecue/sauce/scotts-barbecue-sauce/
texas-pete,sauce,Texas Pete,Texas Pete Hot Sauce|Texas Pete Original,nc-piedmont|nc-east|nc,,,,,"{""base"": ""other"", ""styles"": [""eastern-nc""]}","A cayenne-pepper hot sauce made by the T.W. Garner Food Company of Winston-Salem, North Carolina, since 1929 — mild as hot sauces go, 747 on the Scoville scale — in a flip-top bottle with a red cowboy on a white-and-yellow label. It is not a barbecue sauce and is on this list because of where it stands: on the table at eastern North Carolina barbecue houses beside the vinegar, and, at Skylight Inn in Ayden, in the dressing itself, where the chopped hog is seasoned with vinegar, salt, pepper and Texas Pete.","Texas + Pete: 'Texas' for a state known for hot food, chosen over a marketing adviser's 'Mexican Joe' because Sam Garner wanted an American name; 'Pete' was the nickname of his son Harold Garner.",eastern-nc|vinegar-pepper-sauce|skylight-inn|light-tomato-sauce|lexington|scotts-barbecue-sauce|barbecue-tray,s:wp-texas-pete|s:wp-skylight-inn-bbq|s:wp-lexington-north-carolina|s:web-texas-pete-eastern-carolina|s:reed-holy-smoke|s:web-texaspete-original|s:book-virginia-house-wife,cited,high,False,2026-09-16,https://nanobotco.github.io/carolina-barbecue/sauce/texas-pete/
vinegar-pepper-sauce,sauce,vinegar-and-pepper sauce,eastern sauce|Eastern North Carolina sauce|East Carolina sauce|pepper vinegar|vinegar sauce,nc-east|sc-pee-dee|sc-lowcountry|carolinas,,,,,"{""base"": ""vinegar-pepper"", ""styles"": [""eastern-nc"", ""sc-pee-dee""]}","Vinegar — cider or white — with salt, black pepper and crushed red pepper, and nothing else in its plainest form; some houses add sugar, a bottled hot sauce or lemon. It is thin enough to pour, tart, and as hot as the cook likes. It is the sauce of whole-hog barbecue on the Coastal Plain of both Carolinas, from Rocky Mount to the Pee Dee and the coast: used as a mop while the hog cooks, tossed through the chopped meat at the block, and set on the table for more. Wikipedia's history of barbecue sauce calls it the earliest American barbecue sauce and the root of most of the others.",,eastern-nc|sc-pee-dee|whole-hog|lexington-dip|light-tomato-sauce|mustard-sauce|scotts-barbecue-sauce|texas-pete|skylight-inn|coopers-country-store|ed-mitchell|adam-scott|dennis-rogers|barbecue-tray|chopping-block|pig-pickin,s:web-sauce-harvest-2026-09-16|s:wp-barbecue-sauce|s:wp-barbecue-in-north-carolina|s:wp-barbecue-in-south-carolina|s:wp-skylight-inn-bbq|s:wp-ed-mitchell|s:wp-rodney-scotts-whole-hog-bbq|s:wp-pig-pickin|s:web-sc-four-sauces|s:web-scba-bbq-history|s:web-sfa-coopers|s:web-scotts-history|s:web-ncarts-goldsboro|s:web-abc-barbecue-feud|s:web-texas-pete-eastern-carolina|s:reed-holy-smoke|s:wikibooks-eastern-north-carolina-barbecue-sauce|s:book-virginia-house-wife|s:book-kentucky-housewife|s:book-mrs-hills-new-cook-book,cited,high,False,2026-09-16,https://nanobotco.github.io/carolina-barbecue/sauce/vinegar-pepper-sauce/
wells-hog-heaven,sauce,Wells Hog Heaven Barbecue Sauce,Hog Heaven|Wells Hog Heaven,nc-east|nc,,,,,"{""base"": ""vinegar-pepper"", ""styles"": [""eastern-nc""]}","A vinegar-based sauce made at Burgaw, the seat of Pender County in southeastern North Carolina, and sold in that corner of the state. The maker gives no ingredient list and no Nutrition Facts on its site, so what is on record is the description rather than the measurement: a vinegar sauce for seasoning chopped and pulled pork.",,eastern-nc|vinegar-pepper-sauce|hog-killing|pulled-pork|chopped,s:web-wells-our-story|s:web-sauce-harvest-2026-09-16|s:book-virginia-house-wife|s:book-mrs-hills-new-cook-book|s:wikibooks-eastern-north-carolina-barbecue-sauce,cited,medium,True,2026-09-16,https://nanobotco.github.io/carolina-barbecue/sauce/wells-hog-heaven/
baked-beans,dish,baked beans,barbecue beans|pit beans,carolinas|nc|sc|us-south,,,,,"{""course"": ""side"", ""styles"": [""lexington"", ""eastern-nc"", ""sc-pee-dee""]}","White beans — navy or pea beans — cooked slow in a sweet brown sauce of molasses or brown sugar with pork in it, and served hot in a cup or a compartment of the tray. On a Carolina barbecue plate they usually come from a large can, warmed and doctored at the pit with more sugar, mustard, onion or a handful of chopped barbecue; the traditional form is dried beans parboiled and then baked for hours in a covered pot, and the canned form is cooked through steam rather than baked at all. They belong to the pig pickin' — the outdoor party where guests pull the meat off a whole hog — as much as to the counter.",,barbecue-tray|pig-pickin|browns-bar-b-que|hushpuppies|red-slaw|brunswick-stew|fixins,s:wp-baked-beans|s:wp-pig-pickin|s:web-sfa-browns-bar-b-q|s:web-destination-bbq-browns|s:wp-barbecue-in-north-carolina,cited,high,False,2026-09-16,https://nanobotco.github.io/carolina-barbecue/dish/baked-beans/
banana-pudding,dish,banana pudding,,carolinas|nc|sc|us-south,,,,,"{""course"": ""sweet"", ""styles"": [""eastern-nc"", ""lexington"", ""sc-mustard"", ""sc-pee-dee""]}","Layers of sweet vanilla custard, vanilla wafers and sliced bananas built up in a dish and topped with meringue or whipped cream, then chilled until the wafers soften and the layers run together. It is the barbecue house's dessert in both Carolinas, whole-hog pits and shoulder pits alike: the Barbecue Center in Lexington sells it by the small or large cup, Sam Jones BBQ lists it beside the whole hog, Sweatman's in Holly Hill serves it after hash and rice, and Rodney Scott's in Charleston listed it with the catfish and ribs. It needs no oven, scales up to a crowd and keeps — one theory of how a dessert with no early Southern tie became Southern.",,eastern-nc|lexington|sc-mustard|sc-pee-dee|bar-b-q-center|sam-jones-bbq|clyde-coopers|allen-and-son|buxton-hall-barbecue|rodney-scotts-whole-hog-bbq|sweatmans-bar-b-que|hash-and-rice|pig-pickin-cake|sweet-tea|pig-pickin,s:wp-banana-pudding|s:web-barbecue-center-menu|s:web-samjones-menu|s:web-clydecoopersbbq-story|s:web-ourstate-allen-son|s:web-ourstate-buxton-hall|s:wp-rodney-scotts-whole-hog-bbq|s:web-destination-bbq-sweatmans|s:web-lexbbq-menu|s:wikibooks-banana-pudding|s:book-aunt-carolines-dixieland-recipes|s:book-mrs-porters-new-southern-cookery-book,cited,high,False,2026-09-15,https://nanobotco.github.io/carolina-barbecue/dish/banana-pudding/
barbecue-chicken,dish,barbecue chicken,half chicken|barbecued chicken|pit chicken|dipped chicken,carolinas|nc|nc-east|nc-piedmont,,,,,"{""course"": ""main"", ""meat"": ""chicken"", ""styles"": [""eastern-nc"", ""lexington""]}","Half a chicken, cooked on the pit beside the pig or on its own cooker until the skin chars, brushed with the house sauce — vinegar and pepper in the east, a thin tomato-and-vinegar dip in the Piedmont — and sold by the half or the whole bird. At eastern pits it is the one other meat: B's in Greenville sells out of chicken halves by early afternoon, and Skylight Inn lists it beside the whole hog. Keaton's in Cleveland, Rowan County, does it the other way round, frying the chicken and dipping it in a hot vinegar-tomato barbecue sauce. NCpedia notes that North Carolinians seldom use 'barbecue' alone for chicken.",,eastern-nc|lexington|keatons-barbecue|bs-barbecue|skylight-inn|sam-jones-bbq|vinegar-pepper-sauce|lexington-dip|red-slaw|barbecue|barbecue-tray|pig-cooker,s:web-ourstate-keatons|s:web-ncfolk-keatons|s:web-ourstate-bs-barbecue|s:wp-skylight-inn-bbq|s:wp-barbecue-chicken|s:ncpedia-barbecue|s:web-samjones-menu|s:book-mrs-hills-new-cook-book|s:wikibooks-barbecue-rub|s:wikibooks-north-carolina-style-bbq-chicken,cited,high,False,2026-09-15,https://nanobotco.github.io/carolina-barbecue/dish/barbecue-chicken/
barbecue-sandwich,dish,barbecue sandwich,chopped barbecue sandwich|barbecue with slaw|Lexington barbecue sandwich|pork sandwich|a barbecue,carolinas|nc|sc,,,,,"{""course"": ""main"", ""meat"": [""whole hog"", ""shoulder""], ""styles"": [""eastern-nc"", ""lexington"", ""sc-mustard"", ""sc-pee-dee""]}","Chopped pork on a soft white bun with slaw laid on the meat. In North Carolina it is the commonest form of the sandwich: whole-hog barbecue dressed with vinegar and pepper in the east, chopped or sliced shoulder with dip and red slaw in the Piedmont. In South Carolina the meat is pulled or chopped and the sauce is mustard, vinegar-pepper or tomato by region, with slaw a common topping. The bun is a plain hamburger roll — at Skylight Inn a white bread roll — and the bread keeps the meat warm and catches the sauce.",,eastern-nc|lexington|sc-mustard|barbecue-tray|red-slaw|white-slaw|lexington-dip|vinegar-pepper-sauce|mustard-sauce|skylight-inn|lexington-barbecue|bar-b-q-center|meltons-barbecue|keatons-barbecue|dukes-bar-b-que|light-bread|pulled-pork|whole-hog|pork-shoulder|pork-skins,s:wp-barbecue-sandwich|s:wp-whole-hog-barbecue|s:wp-meltons-barbecue|s:wp-lexington-north-carolina|s:wp-skylight-inn-bbq|s:web-lexbbq-menu|s:web-bbq-center-menu|s:web-ourstate-bs-barbecue|s:web-ncfolk-keatons|s:wp-dukes-bar-b-que|s:ncpedia-barbecue|s:wikibooks-pulled-pork-sandwiches|s:wikibooks-eastern-north-carolina-barbecued-pig|s:wikibooks-eastern-north-carolina-barbecue-sauce,cited,high,False,2026-09-15,https://nanobotco.github.io/carolina-barbecue/dish/barbecue-sandwich/
barbecue-tray,dish,barbecue tray,tray|barbecue plate|plate|large tray|chopped tray|sliced tray|coarse chopped tray,carolinas|nc-piedmont|nc-east|nc,,,,,"{""course"": ""main"", ""meat"": [""shoulder"", ""whole hog""], ""styles"": [""lexington"", ""eastern-nc""]}","The unit of ordering at a Carolina barbecue counter: a paper boat or a plate with the chopped pork on one side and slaw on the other, and no bun. In Lexington the meat is pork shoulder and the order names the cut — chopped, coarse chopped (small chunks) or sliced — and the size, tray or large tray; in the east it is whole hog, and the tray or plate carries white slaw with cornbread, a corn stick or hushpuppies. A plate adds french fries and a choice of hushpuppies or rolls. A sandwich is the same meat and slaw on a bun.",,lexington|eastern-nc|red-slaw|white-slaw|hushpuppies|cornbread|barbecue-sandwich|outside-brown|boiled-potatoes|lexington-dip|vinegar-pepper-sauce|lexington-barbecue|bar-b-q-center|skylight-inn|bs-barbecue|sam-jones-bbq|meltons-barbecue|chopped|pork-shoulder|whole-hog|chopping-block,s:web-lexbbq-menu|s:web-bbq-center-menu|s:web-ourstate-lexington-5-stops|s:web-carolinacountry-lexington|s:web-leisuregrouptravel-lexington|s:wp-meltons-barbecue|s:wp-whole-hog-barbecue|s:wp-skylight-inn-bbq|s:web-ourstate-bs-barbecue|s:web-samjones-menu|s:ncpedia-barbecue|s:reed-holy-smoke|s:book-kentucky-housewife|s:book-mrs-hills-new-cook-book|s:book-virginia-house-wife|s:book-housekeeping-in-old-virginia,cited,high,False,2026-09-15,https://nanobotco.github.io/carolina-barbecue/dish/barbecue-tray/
blenheim-ginger-ale,dish,Blenheim Ginger Ale,Blenheim|Old #3|hot ginger ale,sc|carolinas|sc-pee-dee,,,,,"{""course"": ""drink"", ""styles"": [""sc-pee-dee"", ""sc-mustard""]}","A ginger ale bottled at Hamer, in Dillon County, South Carolina, made with Jamaica ginger and sugar in mineral water from a spring in Marlboro County, and hot enough that the heat is the point of it. It comes in three strengths: #3 Hot with a pink cap, #5 Not As Hot with a gold cap, and #9 Diet with a white cap. It was made first as a stomach tonic rather than a soft drink, and it sits on Pee Dee barbecue tables the way Cheerwine sits on Piedmont ones.","named for Blenheim, Marlboro County, South Carolina, the town that grew up around the mineral spring the drink was first mixed with",cheerwine|sweet-tea|sc-pee-dee|pee-dee|barbecue-tray,s:wp-blenheim-ginger-ale|s:wp-hamer-south-carolina|s:wp-barbecue-in-south-carolina,cited,high,False,2026-09-16,https://nanobotco.github.io/carolina-barbecue/dish/blenheim-ginger-ale/
boiled-potatoes,dish,boiled potatoes,barbecue potatoes|stewed potatoes|potatoes,nc-east|nc,,,,,"{""course"": ""side"", ""styles"": [""eastern-nc""]}","Potatoes boiled whole or in halves until they are soft and served beside chopped whole hog on the eastern North Carolina plate — the side the Piedmont does not have. At Parker's in Wilson and, by Bob Garner's account, most eastern restaurants they are stewed rather than plainly boiled: peeled potatoes, often with onion, simmered in water with ketchup or red sauce, hot sauce, paprika, sugar, salt, pepper and a spoon of bacon grease, so the broth seasons them through. They come on the plate with slaw and the plate's bread, a corn stick or hushpuppies, and they have been there since Melton's in Rocky Mount charged 45 cents for barbecue with boiled potatoes in 1929.",,eastern-nc|barbecue-tray|brunswick-stew|meltons-barbecue|bs-barbecue|bums-restaurant|parkers-barbecue|clyde-coopers|vinegar-pepper-sauce|texas-pete|cornbread|hushpuppies|fixins|bob-garner,s:wp-meltons-barbecue|s:web-garner-recipes-smokering|s:garner-flavored-by-time|s:web-southyourmouth-bbq-potatoes|s:web-barbecuebros-bs-barbecue|s:web-bbqjew-bs-barbecue|s:web-ourstate-a-day-at-bs|s:sfa-bums-restaurant|s:web-parkers-bbq-wilson-menu|s:web-clydecoopersbbq-story|s:wp-barbecue-in-north-carolina|s:book-housekeeping-in-old-virginia|s:book-dixie-cookery,cited,medium,True,2026-09-15,https://nanobotco.github.io/carolina-barbecue/dish/boiled-potatoes/
brunswick-stew,dish,Brunswick stew,stew|barbecue stew,nc|nc-east|nc-piedmont|us-south,,,,,"{""course"": ""side"", ""meat"": ""mixed"", ""styles"": [""eastern-nc"", ""lexington""]}","A thick tomato stew of chicken or pork with corn, butter beans (lima beans), onion and, in the east, potatoes, cooked in big pots and served in a cup beside the barbecue. Virginia and Georgia both claim it; North Carolina makes it without argument at barbecue houses, church suppers and fundraisers, where it holds the place that hash holds in South Carolina. The name is a county in Virginia or a city in Georgia, both named for the German duchy of Brunswick. The squirrel of the first recipes has given way to chicken, and at a barbecue house some of the chopped pork goes into the pot.",,eastern-nc|lexington|hash-and-rice|meltons-barbecue|hushpuppies|boiled-potatoes|barbecue-tray|fundraiser-barbecue|pig-pickin|whole-hog,s:wp-brunswick-stew|s:web-georgiaencyclopedia-brunswick-stew|s:web-ourstate-nc-brunswick-stew|s:web-moss-hushpuppies|s:wp-meltons-barbecue|s:wp-pig-pickin|s:web-scencyclopedia-hash|s:book-aunt-carolines-dixieland-recipes|s:book-what-mrs-fisher-knows|s:book-dixie-cookery,cited,medium,True,2026-09-15,https://nanobotco.github.io/carolina-barbecue/dish/brunswick-stew/
cheerwine,dish,Cheerwine,Cheerwine soda|Retro Cheerwine|Original 1917 Formula|Diet Cheerwine,nc-piedmont|nc|carolinas|us-south,,,,,"{""course"": ""drink"", ""styles"": [""lexington""]}","A cherry-flavoured soft drink — burgundy-red, sweet, with a strong black-cherry note and more carbonation than most sodas — made in Salisbury, Rowan County, North Carolina by the Carolina Beverage Corporation since 1917, and run by founder L.D. Peeler's family throughout. On a Piedmont barbecue counter it is the soda beside the tea: Lexington Barbecue lists Cheerwine and Diet Cheerwine with the Cokes, and the Barbecue Center sells it by the 10-, 16- and 32-ounce cup. It is bottled in glass with cane sugar as Retro or 'Original 1917 Formula' Cheerwine, comes as ice cream and sherbet in Food Lion, and has had its own festival in Salisbury each year since its centennial in 2017.","cheer + wine: named, the company says, for its burgundy-red colour and cheery disposition — wine for the colour, cheer for the taste; it contains no alcohol",lexington|lexington-barbecue|bar-b-q-center|sweet-tea|texas-pete,s:wp-cheerwine|s:web-cheerwine-about|s:web-cheerwinefest-history|s:web-salisburypost-cheerwine-festival-2026|s:web-lexbbq-menu|s:web-barbecue-center-menu|s:wp-texas-pete|s:book-virginia-house-wife|s:book-kentucky-housewife,cited,high,False,2026-09-15,https://nanobotco.github.io/carolina-barbecue/dish/cheerwine/
chicken-bog,dish,chicken bog,bog|chicken perlo,sc-pee-dee|sc-lowcountry|sc,,,,,"{""course"": ""main"", ""meat"": ""chicken"", ""styles"": [""sc-pee-dee""]}","Chicken, rice and smoked sausage cooked together in the chicken's own broth until the rice has taken up the liquid and sits wet and plump — a pilau (rice cooked in stock) that is deliberately wetter than a pilau. It belongs to the Pee Dee, the northeast of South Carolina from Horry County west to Florence, and to the Lowcountry beyond it; Loris, a town of about two thousand north of Myrtle Beach, has held a Bog-Off cook-off every October since 1979. The pot is a fifty-gallon wash pot and the dish is cooked for crowds: tobacco crews, church suppers, the stump meeting at Galivants Ferry.","English bog 'wet, soft, spongy ground', c. 1500, from Gaelic and Irish bogach 'bog', from bog 'soft, moist'; applied to the dish for its wet rice",sc-pee-dee|pee-dee|carolina-gold|hash-and-rice|fundraiser-barbecue|political-barbecue,s:web-scencyclopedia-chicken-bog|s:wp-chicken-bog|s:web-hmdb-chicken-bog-marker|s:web-discoversc-chicken-bog|s:wp-carolina-gold|s:etymonline|s:wikibooks-chicken-bog-i|s:wikibooks-chicken-bog-grand-strand|s:wikibooks-chicken-bog-ii|s:book-aunt-carolines-dixieland-recipes|s:book-kentucky-housewife,cited,high,False,2026-09-15,https://nanobotco.github.io/carolina-barbecue/dish/chicken-bog/
collards,dish,collards,collard greens|greens|mixed greens,carolinas|nc-east|nc|sc|us-south,,,,,"{""course"": ""side"", ""styles"": [""eastern-nc"", ""sc-mustard"", ""sc-pee-dee"", ""lexington""]}","Broad flat leaves of a loose-headed cabbage, stripped from the stem, cut in ribbons and stewed a long time with a piece of smoked pork until they are dark and soft, in a salty broth the South calls pot liquor. They are a staple of Southern cooking and one of the vegetables a Carolina barbecue buffet is judged by; cornbread is used to soak up what is left in the bowl. Eaten with black-eyed peas and cornbread on New Year's Day for wealth in the year to come.",,bums-restaurant|gradys-barbecue|dukes-bar-b-que|jackie-hites-bar-b-q|shealys-bar-b-que|lewis-barbecue|mccabes-bar-b-q|cornbread|barbecue-tray|eastern-nc|sc-mustard|fixins,s:wp-collard-greens|s:sfa-bums-restaurant|s:web-ourstate-bums|s:web-ourstate-gradys|s:sfa-gradys-barbecue|s:wp-dukes-bar-b-que|s:web-sfa-jackie-hites-bar-b-q|s:web-shealys-home|s:web-lewis-charleston|s:web-discoversc-mccabes,cited,high,False,2026-09-16,https://nanobotco.github.io/carolina-barbecue/dish/collards/
cornbread,dish,cornbread,corn bread|corn sticks|cornsticks|bread,nc-east|nc|carolinas|us-south,,,,,"{""course"": ""bread"", ""styles"": [""eastern-nc""]}","A quick bread of cornmeal — meal, water or buttermilk, salt, fat, often egg and soda — baked in a pan, a skillet or a stick mould. It comes with eastern North Carolina barbecue in two forms. At the Skylight Inn in Ayden it is a flat, dense cake of stone-ground cornmeal, water, salt and the day's hog drippings, spread thin on a sheet pan, baked and cut in squares; Our State calls it more grit cake than bread. At Parker's, B's, Bum's and a third of the pits in six Coastal Plain counties it is the corn stick, an eight-inch baton of meal, fat and boiling water, baked, then deep-fried. West of the Coastal Plain the bread is hushpuppies.","corn (American English for maize) + bread. The bread is Native American in origin — the Hidatsa call baked cornbread naktsi, the Choctaw bvnaha — and the English name is the settlers' description of it",eastern-nc|skylight-inn|sam-jones-bbq|bs-barbecue|bums-restaurant|parkers-barbecue|meltons-barbecue|hushpuppies|barbecue-tray|white-slaw|boiled-potatoes|pork-skins|light-bread|fixins|pete-jones|sam-jones,s:wp-cornbread|s:wp-skylight-inn-bbq|s:web-foodrepublic-skylight-cornbread|s:web-ourstate-sam-jones-legacy|s:web-samjones-menu|s:web-thefoodsection-corn-stick|s:wp-meltons-barbecue|s:ncpedia-barbecue|s:web-barbecuebros-bs-barbecue|s:web-bbqjew-bs-barbecue|s:sfa-bums-restaurant|s:web-parkers-bbq-wilson-menu|s:web-parkers-bbq-wilson|s:wp-barbecue-in-north-carolina|s:wp-whole-hog-barbecue|s:wikibooks-southern-cornbread|s:wikibooks-cornbread-i|s:book-virginia-house-wife|s:book-kentucky-housewife,cited,high,False,2026-09-15,https://nanobotco.github.io/carolina-barbecue/dish/cornbread/
dukes-mayonnaise,dish,Duke's mayonnaise,Duke's|Duke's Mayonnaise,carolinas|sc|nc|us-south,,,,,"{""course"": ""condiment"", ""styles"": [""eastern-nc"", ""sc-pee-dee"", ""sc-mustard"", ""lexington""]}","A bottled mayonnaise made in Mauldin, South Carolina, outside Greenville: egg yolks, oil and cider vinegar, with more yolk than most brands and no added sugar, which is where the tang comes from that the company sells it on. In the Carolinas it is the jar a white slaw, a potato salad, a deviled egg, a pimento cheese and a tomato sandwich are made with, and it is the third-largest mayonnaise brand in the United States, behind Hellmann's and Kraft, after a long stretch when it was sold mostly in the South.","the founder's married surname: Eugenia Thomas Slade Duke of Greenville, South Carolina, who put her own name on the sandwiches she sold from 1917",white-slaw|potato-salad|red-slaw|barbecue-sandwich|sc-pee-dee|fixins,s:wp-dukes-mayonnaise|s:wp-coleslaw|s:wp-barbecue-in-south-carolina,cited,high,False,2026-09-16,https://nanobotco.github.io/carolina-barbecue/dish/dukes-mayonnaise/
fried-okra,dish,fried okra,okra,carolinas|sc|nc|us-south,,,,,"{""course"": ""side"", ""styles"": [""sc-mustard"", ""sc-pee-dee"", ""eastern-nc""]}","Okra pods sliced into rounds, rolled in cornmeal and fried until the outside is crisp. It is the commonest way okra is cooked in the South and a standing side at barbecue houses and meat-and-three counters, eaten most in summer when the pods are in. Cutting the pods small keeps the outside crisp and leaves the inside slippery; whole pods can be fried too.",,dukes-bar-b-que|mccabes-bar-b-q|browns-bar-b-que|hushpuppies|barbecue-tray|sc-mustard|fixins,s:wp-fried-okra|s:wp-dukes-bar-b-que|s:web-discoversc-mccabes|s:web-sfa-browns-bar-b-q|s:web-destination-bbq-browns,cited,high,False,2026-09-16,https://nanobotco.github.io/carolina-barbecue/dish/fried-okra/
green-beans,dish,green beans,string beans|snaps|snap beans|simmered green beans,carolinas|nc-east|nc|sc|us-south,,,,,"{""course"": ""side"", ""styles"": [""eastern-nc"", ""sc-mustard"", ""sc-pee-dee"", ""lexington""]}","Whole or broken pods of the common bean, stewed slow with a piece of pork until they give up their squeak and take on the meat's salt, and served in a cup or a compartment beside the barbecue. They are the plain vegetable on a Carolina barbecue plate — a house that keeps one vegetable and no buffet usually keeps these — and the Southern way with them is long cooking rather than short, so the pod goes soft and olive rather than staying bright.","green + bean; the older Southern names are string beans, for the fibre pulled off the pod before cooking, and snaps, for the sound the pod makes when broken",bs-barbecue|henrys-smokehouse|mccabes-bar-b-q|shealys-bar-b-que|parkers-barbecue|boiled-potatoes|collards|baked-beans|barbecue-tray|fixins,s:web-ourstate-a-day-at-bs|s:sfa-bs-barbecue|s:web-henrys-home|s:web-destination-bbq-henrys|s:web-discoversc-mccabes|s:web-shealys-home|s:web-ourstate-parkers|s:book-virginia-house-wife|s:book-dixie-cookery,cited,high,False,2026-09-16,https://nanobotco.github.io/carolina-barbecue/dish/green-beans/
hash-and-rice,dish,hash and rice,hash|barbecue hash|South Carolina hash|pork hash|liver hash|liver and lights hash|hash on rice,sc|sc-midlands|sc-upstate|sc-lowcountry|sc-pee-dee|us-south,,,,,"{""course"": ""side"", ""meat"": ""mixed"", ""styles"": [""sc-mustard"", ""sc-pee-dee"", ""sc-light-tomato"", ""sc-heavy-tomato""]}","A thick stew, or gravy, of pork cooked down with onions until it can be eaten with a spoon, ladled over white rice beside the barbecue. It is South Carolina's side the way Brunswick stew is Georgia's, Virginia's and North Carolina's, and it is barely known outside the state. The old hash was made from what the whole hog left after the barbecue — the head, the liver and the lights (the lungs) — simmered for a day in an iron pot; most restaurants now use shoulder or ham. Three loose regions: mustard in the Midlands, vinegar and liver in the Lowcountry, beef and onions in the Upstate.","French hacher 'to chop up' (from Old French hache 'axe') → English hash, verb, 1650s, 'to hack, chop into small pieces' → hash, noun, 1660s, 'a stew of meat cut into small pieces'",sc-mustard|sc-pee-dee|whole-hog|hog-killing|brunswick-stew|chicken-bog|carolina-gold|mustard-sauce|dutch-fork|dukes-bar-b-que|sweatmans-bar-b-que|midway-bbq|browns-bar-b-que|lake-high|robert-moss|south-carolina-barbeque-association|pig-pickin|fundraiser-barbecue,s:wp-hash-stew|s:web-moss-hash-and-rice|s:web-scencyclopedia-hash|s:web-discoversc-hash|s:web-conyers-liver-lights-hash|s:web-destination-bbq-sc-hash|s:wp-dukes-bar-b-que|s:wp-barbecue-in-south-carolina|s:wp-whole-hog-barbecue|s:wp-pig-pickin|s:etymonline|s:book-housekeeping-in-old-virginia|s:book-aunt-carolines-dixieland-recipes|s:book-mrs-hills-new-cook-book,cited,high,False,2026-09-15,https://nanobotco.github.io/carolina-barbecue/dish/hash-and-rice/
hushpuppies,dish,hushpuppies,hush puppies|hush-puppies|red horse bread,carolinas|nc-piedmont|nc-east|sc|us-south,,,,,"{""course"": ""bread"", ""styles"": [""lexington"", ""eastern-nc"", ""sc-mustard"", ""sc-pee-dee""]}","Balls or fingers of cornmeal batter — meal, a little flour, egg, buttermilk or water, salt, soda, often onion — dropped by the spoonful into hot oil and fried until the outside is crisp and dark gold and the inside soft and steaming. In the Carolinas they are the bread of the fish fry and, since the 1940s, of the barbecue tray: Lexington pits serve them with the shoulder and red slaw in place of rolls, and most eastern pits give them with whole hog, though a third of the pits in the Wilson–Greenville counties give corn sticks instead. Sweeter and lighter than a corn stick, and fried, not baked.","hush + puppy. 'Hush puppy' was slang for something that keeps a thing quiet — hush money in a 1738 British account of smuggling, and from 1879 the gravy or pot liquor that kept the hounds from growling, meaning a growling stomach — and was applied to deep-fried cornmeal by 1899; current in Georgia by 1927 (Moss)",lexington|eastern-nc|cornbread|barbecue-tray|red-slaw|brunswick-stew|warner-stamey|stameys-barbecue|lexington-barbecue|bar-b-q-center|pig-pickin|fixins,s:web-moss-hushpuppies|s:wp-hushpuppy|s:etymonline|s:web-stameys-history|s:wp-barbecue-in-north-carolina|s:wp-cornbread|s:web-thefoodsection-corn-stick|s:web-lexbbq-menu|s:web-bbq-center-menu|s:wp-pig-pickin|s:web-carolinacountry-lexington|s:wikibooks-hush-puppies|s:book-kentucky-housewife|s:book-aunt-carolines-dixieland-recipes,cited,high,False,2026-09-15,https://nanobotco.github.io/carolina-barbecue/dish/hushpuppies/
mac-and-cheese,dish,mac and cheese,macaroni and cheese|macaroni pie|baked macaroni,carolinas|nc|sc|us-south,,,,,"{""course"": ""side"", ""styles"": [""sc-mustard"", ""sc-pee-dee"", ""eastern-nc"", ""lexington""]}","Macaroni in a cheese sauce, most often cheddar, baked in a dish until the top browns. On a Carolina barbecue buffet it sits with the vegetables and is taken as one, cut in squares from a hotel pan rather than spooned; a stovetop version bound with a white sauce is the other common form. In the Lowcountry and in Black Southern kitchens the baked, custard-set kind is often called macaroni pie.",,dukes-bar-b-que|shealys-bar-b-que|browns-bar-b-que|jackie-hites-bar-b-q|lewis-barbecue|luellas-bar-b-que|12-bones-smokehouse|hash-and-rice|barbecue-tray|fixins,s:wp-macaroni-and-cheese|s:wp-dukes-bar-b-que|s:web-shealys-home|s:web-sfa-browns-bar-b-q|s:web-sfa-jackie-hites-bar-b-q|s:web-lewis-charleston|s:web-ourstate-luellas-2011|s:web-mountainx-obama-2010,cited,high,False,2026-09-16,https://nanobotco.github.io/carolina-barbecue/dish/mac-and-cheese/
outside-brown,dish,outside brown,brown|outside brown meat|chopped brown|brownies|bark,nc-piedmont|nc,,,,,"{""course"": ""main"", ""meat"": ""shoulder"", ""styles"": [""lexington""]}","The dark crust from the outside of a pork shoulder — the bark, where ten hours of smoke and dip have cooked into the surface — ordered by name at Lexington pits. Regulars ask for extra outside brown on a tray or sandwich; ordered 'brown', the meat comes chopped from that crust rather than from the pale inside. The word marks the Piedmont. Eastern pits chop the whole hog together, skin and all, and have no order for it, though NCpedia notes that some North Carolinians follow South Carolina in separating skin, the dry 'outside meat' and the juicier 'inside meat'.",,lexington|pork-shoulder|lexington-dip|hickory-and-oak|barbecue-tray|barbecue-sandwich|lexington-barbecue|bar-b-q-center|wayne-monk|pork-skins|chopped|bob-garner,s:web-ourstate-lexington-barbecue|s:web-carolinacountry-lexington|s:web-newsobserver-lexington-2026|s:web-barbecuebros-outside-brown|s:web-leisuregrouptravel-lexington|s:ncpedia-barbecue|s:web-lexbbq-menu|s:reed-holy-smoke|s:wikibooks-eastern-north-carolina-barbecued-pig|s:book-mrs-hills-new-cook-book|s:book-kentucky-housewife,cited,medium,True,2026-09-15,https://nanobotco.github.io/carolina-barbecue/dish/outside-brown/
peach-cobbler,dish,peach cobbler,cobbler|peach pot-pie|sonker,carolinas|nc|sc|us-south,,,,,"{""course"": ""sweet"", ""styles"": [""lexington"", ""eastern-nc"", ""sc-mustard"", ""sc-pee-dee""]}","Sliced peaches sweetened and thickened in a deep dish and covered with a crust — pastry, biscuit dough or a batter — then baked until the top browns and the fruit bubbles at the edge. It is a barbecue dessert of the same family as banana pudding, ordered by the cup or the square after the tray, and served warm, often with ice cream. The Southern kind is frequently closer to a deep-dish pie, with a bottom crust as well as a top.",,lexington-barbecue|allen-and-son|banana-pudding|pig-pickin-cake|barbecue-tray|sweet-tea,s:wp-cobbler-food|s:web-lexbbq-menu|s:web-ourstate-allen-son|s:web-uncpress-keith-allen|s:book-kentucky-housewife,cited,high,False,2026-09-16,https://nanobotco.github.io/carolina-barbecue/dish/peach-cobbler/
pickles,dish,pickles,sweet pickles|dill pickles|chow-chow|cucumber pickle,carolinas|nc|sc|us-south,,,,,"{""course"": ""condiment"", ""styles"": [""sc-mustard"", ""sc-pee-dee"", ""eastern-nc"", ""lexington""]}","Cucumbers held in brine or vinegar until they sour, sliced into rounds or spears and put on the plate beside the meat, with the sandwich, or loose in a dish on the table. Sweet pickle — cucumbers in a vinegar-and-sugar syrup with spices — is the common Carolina one; chow-chow, a chopped relish of cabbage, green tomato, onion and pepper, does the same job in a spoonful. The point of them on a barbecue plate is acid and salt against fat.",,barbecue-tray|barbecue-sandwich|white-slaw|hash-and-rice|sc-mustard|fixins,s:wp-pickled-cucumber|s:wp-mt-olive-pickle-company|s:wp-mount-olive-north-carolina|s:wp-dukes-bar-b-que|s:wp-barbecue-in-south-carolina,cited,high,False,2026-09-16,https://nanobotco.github.io/carolina-barbecue/dish/pickles/
pig-pickin-cake,dish,pig pickin' cake,pig pickin cake|pig picking cake|pineapple pig pickin' cake|pea pickin' cake|sunshine cake|mandarin orange cake,nc|nc-east|carolinas,,,,,"{""course"": ""sweet"", ""styles"": [""eastern-nc""]}","A layer cake of convenience-food parts: yellow or butter-golden cake mix beaten with eggs, oil and a can of mandarin oranges, juice and all, baked in three eight-inch pans and frosted with a can of crushed pineapple folded into instant vanilla pudding and whipped topping, sometimes with pecans or coconut on top, and served cold. It is North Carolina's barbecue dessert by name — the pig pickin' being the whole-hog party where guests pick the meat off the pig — and it is carried to those parties; Hysmith places it at barbecue restaurants too, though it is a home cake first. Our State calls it an essential companion to any good barbecue, noun not verb.","pig pickin' (the whole-hog party, named for picking the meat off the cooked pig) + cake",pig-pickin|eastern-nc|whole-hog|banana-pudding|sweet-tea|john-shelton-reed,s:web-hysmith-pig-pickin-cake|s:web-chowhound-pig-pickin-cake|s:web-coastalreview-pig-pickin-cake|s:web-ourstate-pig-pickin-cake|s:wp-pig-pickin|s:web-lexbbq-menu|s:web-barbecue-center-menu|s:web-samjones-menu|s:web-parkers-bbq-wilson-menu,cited,medium,True,2026-09-15,https://nanobotco.github.io/carolina-barbecue/dish/pig-pickin-cake/
pork-skins,dish,pork skins,skins|cracklins|cracklings|crackling|pork rinds|fried skins,carolinas|nc-east|sc-pee-dee|nc|sc,,,,,"{""course"": ""side"", ""meat"": ""whole hog"", ""styles"": [""eastern-nc"", ""sc-pee-dee"", ""lexington""]}","The pig's hide, cooked until it blisters and cracks. On an eastern whole hog the skin faces up through the night and is turned to the coals at the end to crisp; at Skylight Inn it is chopped into the meat, where the crunch and the salt are part of what 'barbecue' means. Sold on their own, skins are a side or a snack: fresh fried squares with pimento cheese at Sam Jones BBQ, a pork skin sandwich with slaw at Lexington Barbecue. In the Pee Dee the hog is sometimes skinned before cooking and the skin fried on its own. A crackling keeps a little fat and meat under the skin; a rind is skin alone.",,eastern-nc|whole-hog|skylight-inn|sam-jones-bbq|lexington-barbecue|sc-pee-dee|outside-brown|hog-killing|cornbread|pig-pickin|chopping-block|hog,s:wp-whole-hog-barbecue|s:wp-skylight-inn-bbq|s:wp-pork-rind|s:wp-cracklings|s:wp-cornbread|s:wp-pig-pickin|s:wp-barbecue-in-south-carolina|s:ncpedia-barbecue|s:web-samjones-menu|s:web-lexbbq-menu|s:book-mrs-hills-new-cook-book|s:book-dixie-cookery|s:wikibooks-eastern-north-carolina-barbecued-pig,cited,high,False,2026-09-15,https://nanobotco.github.io/carolina-barbecue/dish/pork-skins/
potato-salad,dish,potato salad,tater salad,carolinas|nc|sc|us-south,,,,,"{""course"": ""side"", ""styles"": [""eastern-nc"", ""lexington"", ""sc-mustard"", ""sc-pee-dee""]}","Boiled potatoes cut up cold and dressed with mayonnaise, with hard-boiled egg, onion, celery, sweet pickle or relish and often a spoon of yellow mustard that colours the whole bowl. It is served cold beside the barbecue, and in the Carolinas it is the mayonnaise side that answers to the vinegar of the meat. Mustard in the dressing is common enough in South Carolina that a bowl of it can read as the same yellow as the sauce.",,gradys-barbecue|browns-bar-b-que|lewis-barbecue|dukes-bar-b-que|dukes-mayonnaise|boiled-potatoes|white-slaw|barbecue-tray|fixins,s:wp-potato-salad|s:web-ourstate-gradys|s:sfa-gradys-barbecue|s:web-sfa-browns-bar-b-q|s:web-lewis-charleston|s:wp-dukes-bar-b-que|s:wp-dukes-mayonnaise,cited,high,False,2026-09-16,https://nanobotco.github.io/carolina-barbecue/dish/potato-salad/
red-slaw,dish,red slaw,barbecue slaw|Lexington slaw|red coleslaw|BBQ slaw,nc-piedmont|nc,,,,,"{""course"": ""side"", ""styles"": [""lexington""]}","Finely chopped green cabbage dressed with vinegar, ketchup, sugar, salt and black pepper — or with the pit's own dip — and no mayonnaise. It is the slaw of Lexington and the Piedmont, red-pink in the boat beside the chopped shoulder, on the sandwich under the meat, and on hot dogs as a relish; it is what the counter means by 'slaw' from Lexington to Shelby. Because it carries no mayonnaise it keeps without refrigeration, which suits an outdoor pit. Across the rest of the state the pale mayonnaise slaw is the default and this one is called barbecue slaw.","Dutch koolsla 'cabbage salad' (kool 'cabbage', from Latin caulis, + sla 'salad') → American English coleslaw, 1794 → slaw, the American clipping; 'red' is the Lexington marker for the ketchup or dip in the dressing, against 'white' for mayonnaise",lexington|lexington-dip|white-slaw|eastern-nc|barbecue-sandwich|barbecue-tray|slaw|lexington-barbecue|bar-b-q-center|keatons-barbecue|barbecue-chicken,s:wp-red-slaw|s:wp-coleslaw|s:wp-lexington-north-carolina|s:wp-barbecue-in-north-carolina|s:ncpedia-barbecue|s:wp-carolina-style|s:web-ncfolk-keatons|s:web-leisuregrouptravel-lexington|s:web-lexbbq-menu|s:etymonline|s:book-dixie-cookery|s:book-mrs-porters-new-southern-cookery-book|s:book-mrs-hills-new-cook-book,cited,high,False,2026-09-15,https://nanobotco.github.io/carolina-barbecue/dish/red-slaw/
sweet-tea,dish,sweet tea,tea|sweet iced tea|iced tea,carolinas|us-south,,,,,"{""course"": ""drink"", ""styles"": [""eastern-nc"", ""lexington"", ""sc-mustard"", ""sc-pee-dee"", ""sc-light-tomato"", ""sc-heavy-tomato""]}","Black tea brewed strong, sweetened with sugar while hot — so it dissolves, rather than being stirred into a cold glass — and poured over ice. It is the drink of the Carolina barbecue house in both states and every sauce region: sold by the glass, the quart and the gallon, brewed on the stove at Grady's in Dudley, named by Dukes in Orangeburg among the five things people come for, and served, Wikipedia says, wherever whole hog is. Some cooks temper it with a pinch of baking soda against bitterness; lemon is the usual addition. Its presence on a menu is one sign used to tell whether a place counts as the South.",,eastern-nc|lexington|sc-mustard|lexington-barbecue|bar-b-q-center|gradys-barbecue|dukes-bar-b-que|parkers-barbecue|allen-and-son|sweatmans-bar-b-que|buxton-hall-barbecue|pig-pickin|cheerwine|banana-pudding|fixins|robert-moss,s:wp-sweet-tea|s:web-moss-sweet-tea-summerville|s:web-visitsummerville-tea|s:wp-whole-hog-barbecue|s:wp-pig-pickin|s:wp-cuisine-of-the-southern-united-states|s:web-lexbbq-menu|s:web-barbecue-center-menu|s:web-ourstate-gradys|s:web-sfa-dukes-bar-b-que|s:web-parkers-bbq-wilson-menu|s:web-ourstate-allen-son|s:web-destination-bbq-sweatmans|s:web-ourstate-buxton-hall|s:book-aunt-carolines-dixieland-recipes|s:wikibooks-iced-tea,cited,high,False,2026-09-15,https://nanobotco.github.io/carolina-barbecue/dish/sweet-tea/
white-slaw,dish,white slaw,coleslaw|slaw|cole slaw|mayonnaise slaw|eastern slaw|sweet slaw,nc-east|nc|sc|carolinas,,,,,"{""course"": ""side"", ""styles"": [""eastern-nc"", ""sc-pee-dee"", ""sc-mustard""]}","Finely chopped cabbage in a dressing of mayonnaise or whipped salad dressing, sweet and pale: the slaw of eastern North Carolina and of most of South Carolina. It goes on the tray beside the chopped whole hog and on the bun of the sandwich, where its sweetness sets off the vinegar and pepper of the meat. Eastern pits use mayonnaise almost universally; NCpedia lists white or yellow coleslaw among the eastern sides, the yellow taking mustard. The name exists only where the red slaw does. Everywhere else in the state this is coleslaw, from the Dutch koolsla, cabbage salad.",,eastern-nc|sc-mustard|red-slaw|barbecue-sandwich|barbecue-tray|skylight-inn|sam-jones-bbq|slaw|vinegar-pepper-sauce|hash-and-rice,s:wp-coleslaw|s:wp-barbecue-in-north-carolina|s:wp-red-slaw|s:ncpedia-barbecue|s:wp-barbecue-sandwich|s:web-scencyclopedia-hash|s:web-samjones-menu|s:wp-skylight-inn-bbq|s:web-leisuregrouptravel-lexington|s:etymonline|s:wikibooks-coleslaw-i|s:wikibooks-coleslaw-ii|s:book-housekeeping-in-old-virginia|s:book-dixie-cookery,cited,high,False,2026-09-15,https://nanobotco.github.io/carolina-barbecue/dish/white-slaw/
block-pit,pit,block pit,cinder-block pit|concrete-block pit|open pit|pig pit,nc-east|sc-pee-dee|carolinas,,,,,"{""kind"": ""pit""}","An open pit built above ground of cinder blocks — concrete blocks — wide and shallow, a little longer than a split hog, with a rack across the top on which the pig lies and a bed of charcoal below; brick or steel are the alternatives, and the charcoal is made in a fireplace or a burn barrel beside it. It is the whole-hog pit of the Carolinas, the one a farm, a fire department or a family can lay in an afternoon. *Tradition holds —* the blocks go up dry, without mortar, two or three courses high, a gap is left for the shovel, and a sheet of tin or plywood closes the top.",,whole-hog|burn-barrel|direct-heat|hickory-and-oak|brick-pit|pig-cooker|pig-pickin|fundraiser-barbecue|mallard-creek-barbecue|skylight-inn|pit,s:wp-whole-hog-barbecue|s:wp-pig-roast|s:web-mallard-creek-history|s:ncpedia-barbecue|s:wp-skylight-inn-bbq|s:wp-rodney-scotts-whole-hog-bbq|s:web-npr-scott-pit-burned|s:jones-whole-hog-bbq|s:scott-world-of-bbq,cited,medium,False,2026-09-15,https://nanobotco.github.io/carolina-barbecue/pit/block-pit/
brick-pit,pit,brick pit,Lexington pit|closed pit|pit house|the pits,nc-piedmont|nc,,,,,"{""kind"": ""pit""}","The masonry pit of the Piedmont: a closed brick chamber with a rack for the shoulders and a chimney through the roof to carry off the smoke. Coals made from oak and hickory go in through the door and are spread on the floor under the meat; the door shuts and the shoulders cook nine to twelve hours at about 200 to 225 degrees. The Barbecue Center in Lexington describes its pit as a brick oven with three chambers, 'comparable to an oversized smoker', and Lexington Barbecue's roof carries a row of smoking stacks. The line of chimneys on a Lexington roof is how you know a wood pit from the road.",,lexington|pork-shoulder|hickory-and-oak|burn-barrel|direct-heat|block-pit|gas-and-electric-cookers|lexington-dip|lexington-barbecue|bar-b-q-center|stameys-barbecue|wayne-monk|pit|north-carolina-barbecue-society,s:web-leisuregrouptravel-lexington|s:web-lexbbq|s:web-visitnc-lexington-barbecue|s:web-traveladdicts-lexington|s:ncpedia-barbecue|s:wp-lexington-north-carolina|s:wp-lexington-barbecue|s:web-ourstate-historic-barbecue-trail|s:reed-holy-smoke,cited,high,False,2026-09-15,https://nanobotco.github.io/carolina-barbecue/pit/brick-pit/
burn-barrel,pit,burn barrel,burn-barrel|coal barrel|fire barrel|the barrel|burner,nc-east|sc-pee-dee|carolinas,,,,,"{""kind"": ""tool""}","A repurposed steel drum — or, at Scott's in Hemingway, two 55-gallon drums welded together — in which logs are burned down to coals: the wood goes in at the top, the coals are pulled out from below and carried by shovel to the pit. It is the coal-maker of the wood pit, the reason a whole hog can sit over a steady bed of coals for twelve hours with no flame under it. Older pit houses use a fireplace for the same job — the Skylight Inn burns its oak and hickory in fireplaces beside the pits — and the barrel is the version anyone can weld.",,hickory-and-oak|direct-heat|block-pit|brick-pit|whole-hog|scotts-bar-b-que|rodney-scott|skylight-inn|mallard-creek-barbecue|gas-and-electric-cookers|pitmaster,s:wp-whole-hog-barbecue|s:web-npr-scott-pit-burned|s:wp-skylight-inn-bbq|s:web-mallard-creek-history|s:web-leisuregrouptravel-lexington|s:web-uncpress-reed-myth|s:scott-world-of-bbq,cited,high,False,2026-09-15,https://nanobotco.github.io/carolina-barbecue/pit/burn-barrel/
chopping-block,pit,chopping block,the block|cleavers|chop,carolinas,,,,,"{""kind"": ""tool""}","A thick wooden block and a pair of cleavers, on which cooked pork is turned into barbecue. The whole hog is pulled from the bones onto the block and chopped, skin and all, until the meat is fine enough to hold a thin vinegar sauce; the salt and the sauce go on at the block — at the Skylight Inn, vinegar, salt, pepper and Texas Pete. A Lexington shoulder is chopped fine, chopped coarse into small chunks, or sliced, and at Lexington Barbecue never pulled. Jane and Michael Stern called the sound of cleavers on the block one of the most alluring aspects of whole hog barbecue in the Carolinas.",,chopped|whole-hog|pork-shoulder|pork-skins|vinegar-pepper-sauce|texas-pete|lexington-dip|barbecue-tray|barbecue-sandwich|pulled-pork|outside-brown|skylight-inn|lexington-barbecue|bar-b-q-center,s:wp-whole-hog-barbecue|s:wp-barbecue-in-north-carolina|s:wp-skylight-inn-bbq|s:web-visitnc-lexington-barbecue|s:web-leisuregrouptravel-lexington|s:web-lexbbq-menu|s:web-barbecue-center-menu|s:ncpedia-barbecue,cited,high,False,2026-09-15,https://nanobotco.github.io/carolina-barbecue/pit/chopping-block/
direct-heat,pit,direct heat,coals under the meat|open-pit|pit-cooked|cooking on coals,carolinas|us-south,,,,,"{""kind"": ""method""}","The Carolina way of putting fire to meat: a bed of hardwood coals directly beneath the hog or the shoulders, with no flame and no separate firebox. The coals are made elsewhere — in a burn barrel or a fireplace — and shoveled in, so the meat sits over glowing charcoal and its own dripping fat rather than in a stream of smoke. The contrast is the offset smoker of Central Texas: a cylinder with a smaller firebox attached at one end, whose burning post-oak fire sends heat and smoke sideways through the chamber past the meat — indirect heat. The whole-hog article, the Mallard Creek church and the Barbecue Center all describe the coals going under the meat.",,burn-barrel|hickory-and-oak|block-pit|brick-pit|whole-hog|pork-shoulder|pig-cooker|gas-and-electric-cookers|ed-mitchell|rodney-scott|campaign-for-real-barbecue|pit|lewis-barbecue,s:wp-barbecue|s:wp-smoker-cooking|s:wp-barbecue-in-texas|s:wp-whole-hog-barbecue|s:web-mallard-creek-history|s:web-leisuregrouptravel-lexington|s:wp-ed-mitchell-pitmaster|s:web-npr-scott-pit-burned|s:web-truecue-wood|s:web-ourstate-historic-barbecue-trail|s:web-barbecuebible-campaign,cited,medium,True,2026-09-15,https://nanobotco.github.io/carolina-barbecue/pit/direct-heat/
gas-and-electric-cookers,pit,gas and electric cookers,gas pit|gas cooker|electric cooker|gas-fired pit|smoker oven,carolinas,,,,,"{""kind"": ""cooker""}","The cookers most Carolina barbecue is cooked in: steel ovens fired by propane, natural gas or an electric element, with a thermostat and racks, and often a box for wood chips or a log to put smoke on the meat. A gas smoker lights a burner directly under a box of wood or charcoal; an electric one runs a heating element that holds any temperature from a cold smoke to about 275 degrees. New barbecue restaurants mostly open on them and many older ones switched. They cook overnight unattended, hold a set temperature, make no soot and need no one to shovel coals at three in the morning, and they are the machine behind a great deal of what both states call barbecue, sauce and slaw included.",,campaign-for-real-barbecue|north-carolina-barbecue-society|john-shelton-reed|jim-early|pig-cooker|brick-pit|block-pit|burn-barrel|hickory-and-oak|whole-hog|eastern-nc|skylight-inn|pig-pickin,s:wp-whole-hog-barbecue|s:wp-smoker-cooking|s:web-uncpress-reed-myth|s:web-barbecuebible-campaign|s:web-truecue-wood|s:wp-skylight-inn-bbq|s:wp-pig-pickin|s:web-wral-jim-early-dies|s:web-ourstate-historic-barbecue-trail|s:reed-holy-smoke,cited,high,False,2026-09-15,https://nanobotco.github.io/carolina-barbecue/pit/gas-and-electric-cookers/
hickory-and-oak,pit,hickory and oak,hickory|oak|hardwood|pecan|wood,carolinas|us-south,,,,,"{""kind"": ""fuel""}","The hardwoods of the Carolina pit. Hickory and oak are the woods a Carolina cook burns, usually together and usually burned down to coals before they go under the meat: Lexington pits cook over oak and hickory coals, the Skylight Inn burns oak and hickory logs in fireplaces beside its pits, and Scott's in Hemingway feeds hickory, oak and pecan through the top of a burn barrel. South Carolina's barbecue is smoked over hickory or oak; Lexington's over a hardwood fire, usually hickory. Both are dense, slow-burning and abundant in the eastern forest, and both give the strong smoke that pork carries. Pecan is itself a hickory — Carya illinoinensis — with a sweeter, milder smoke.",,burn-barrel|direct-heat|brick-pit|block-pit|whole-hog|lexington|eastern-nc|skylight-inn|scotts-bar-b-que|ed-mitchell|gas-and-electric-cookers|campaign-for-real-barbecue|north-carolina-barbecue-society,s:wp-barbecue-in-the-united-states|s:wp-pecan|s:wp-whole-hog-barbecue|s:wp-barbecue-in-south-carolina|s:wp-lexington-north-carolina|s:wp-skylight-inn-bbq|s:wp-ed-mitchell-pitmaster|s:web-npr-scott-pit-burned|s:web-lexbbq|s:web-leisuregrouptravel-lexington|s:wp-pig-pickin|s:web-truecue-wood|s:web-ourstate-historic-barbecue-trail|s:web-barbecuebible-campaign,cited,high,False,2026-09-15,https://nanobotco.github.io/carolina-barbecue/pit/hickory-and-oak/
hog-killing,pit,hog killing,hog killin'|hog-killing day|killing hogs|pig slaughter,carolinas|us-south,,,,,"{""kind"": ""prep""}","The winter slaughter of the farm's hogs, done on the first cold day of autumn or winter, when the meat would keep. In rural North Carolina neighbors gathered before dawn; water was heated with fire-hot stones dropped into barrels; the penned and fattened hogs were killed with knives, bled, scalded, hung on a gambrel — a spreader bar through the hind legs — and scraped clean of hair; the carcasses cooled overnight and were cut up the next day, the hams, sides, shoulders, jowls and heads salted down in the smokehouse. Lard was rendered, the fat cooked down to cracklings, the trim ground for sausage. It is the farm year's pork day, and the social form the pit barbecue grew up beside.",,whole-hog|pig-pickin|pork-skins|hash-and-rice|block-pit|hog|political-barbecue|skylight-inn,s:web-ncpedia-hog-killing|s:web-carolina-country-hog-killing|s:wp-pig-roast|s:web-sfa-north-carolina-bbq|s:wp-skylight-inn-bbq|s:wp-whole-hog-barbecue,cited,high,False,2026-09-15,https://nanobotco.github.io/carolina-barbecue/pit/hog-killing/
pig-cooker,pit,pig cooker,pig roaster|hog cooker|trailer cooker|cooker,nc-east|carolinas,,,,,"{""kind"": ""cooker""}","A steel box on a trailer chassis, long enough for a split hog, with a hinged lid, a grate, and either a row of propane burners underneath or a bed for charcoal: the cooker of the pig pickin', towed to the church lot, the tailgate or the fire station and home again. Carolina Cooker of Micro, North Carolina, builds one of 12-gauge steel with four propane burners on a leaf-spring trailer, listed at $2,599.99 in September 2026; BQ Grills of Elm City builds towable charcoal-and-wood cookers of eighth-inch steel in five- and six-foot lengths at $7,200 to $9,800. The article on the pig pickin' calls the grills 'as varied as the methods of producing them', some homemade, some custom-made.",,pig-pickin|whole-hog|gas-and-electric-cookers|block-pit|burn-barrel|direct-heat|hickory-and-oak|fundraiser-barbecue|political-barbecue|barbecue-chicken|ed-mitchell,s:wp-pig-pickin|s:wp-pig-roast|s:web-carolina-cooker|s:web-bq-grills|s:wp-ed-mitchell-pitmaster|s:web-wcti-back-swamp-vfd,cited,high,False,2026-09-15,https://nanobotco.github.io/carolina-barbecue/pit/pig-cooker/
pork-shoulder,pit,pork shoulder,shoulder|Boston butt|butt|pork butt|picnic|picnic shoulder|picnic ham,nc-piedmont|carolinas,,,,,"{""kind"": ""cut""}","The front leg and shoulder of the pig, sold as one primal — a primal being one of the large first divisions of a carcass — or split in two: the butt, the upper half with the blade bone, and the picnic, the lower arm half, which cured on the bone is a 'picnic ham'. The butt's name is a barrel, not an anatomy. In the North Carolina Piedmont, shoulder is the only cut that counts as barbecue: Lexington pits salt it, lay it over oak and hickory coals for nine to twelve hours, and serve it chopped, coarse chopped or sliced under a red dip. It is darker meat than the loin and stays moist through a long cook, and it is what packers ship when they will not ship a carcass.","Boston + butt, a barrel: in colonial and Revolutionary-era New England butchers stored and shipped this shoulder cut in barrels called butts, and the Boston-area method of cutting it gave the cut its name. Picnic (the lower shoulder): cured on the bone it is a 'picnic ham'; no origin for the name is cited here.",lexington|whole-hog|chopping-block|brick-pit|pulled-pork|lexington-dip|hash-and-rice|mallard-creek-barbecue|lexington-barbecue|bar-b-q-center|wayne-monk|stameys-barbecue|red-bridges-barbecue-lodge|short-sugars,s:wp-boston-butt|s:wp-cut-of-pork|s:wp-pulled-pork|s:wp-north-carolina-barbecue-society|s:wp-barbecue-in-north-carolina|s:wp-whole-hog-barbecue|s:wp-hash-stew|s:web-leisuregrouptravel-lexington|s:web-visitnc-lexington-barbecue|s:web-lexbbq|s:web-lexbbq-menu|s:web-ourstate-mallard-creek|s:web-sfa-north-carolina-bbq|s:web-ourstate-historic-barbecue-trail|s:wp-lexington-barbecue,cited,high,False,2026-09-15,https://nanobotco.github.io/carolina-barbecue/pit/pork-shoulder/
whole-hog,pit,whole hog,whole-hog barbecue|whole hog|a pig|the hog,nc-east|sc-pee-dee|carolinas,,,,,"{""kind"": [""cut"", ""method""]}","The entire dressed pig — dressed meaning gutted and scraped of hair, the head sometimes left on — split open along the backbone, laid flat over coals and cooked as one piece, then pulled from the bones and chopped together: ham, shoulder, loin, belly and, in the Carolinas, the crisped skin. It is the oldest form of open-pit barbecue in the United States and the cut that defines eastern North Carolina and the Pee Dee of South Carolina. A hog of 80 to 120 pounds dressed weight is the usual size for a pig pickin'; restaurants choose small hogs and cook them hot so the skin crisps, and a whole animal can run to 300 pounds.",,eastern-nc|sc-pee-dee|pig-pickin|block-pit|burn-barrel|pig-cooker|direct-heat|chopping-block|pork-skins|hash-and-rice|pork-shoulder|hog-killing|hog|skylight-inn|scotts-bar-b-que|rodney-scott|ed-mitchell|bob-melton,s:wp-whole-hog-barbecue|s:wp-pig-pickin|s:wp-barbecue-in-south-carolina|s:wp-rodney-scott-pitmaster|s:web-npr-scott-pit-burned|s:wp-skylight-inn-bbq|s:wp-ed-mitchell-pitmaster|s:wp-meltons-barbecue|s:web-sfa-north-carolina-bbq|s:web-ourstate-historic-barbecue-trail|s:wp-rodney-scotts-whole-hog-bbq|s:moss-barbecue-history|s:fertel-one-true-barbecue,cited,high,False,2026-09-15,https://nanobotco.github.io/carolina-barbecue/pit/whole-hog/
12-bones-smokehouse,place,12 Bones Smokehouse,12 Bones|12 Bones South,nc-mountains,NC,Arden,35.46609,-82.51633,"{""state"": ""NC"", ""status"": ""open"", ""founded"": ""2005"", ""fuel"": ""unknown"", ""styles"": []}","A mountain barbecue house now trading from Hendersonville Road in Arden, south of Asheville, after Hurricane Helene took its River Arts District room in September 2024. Tom Montgomery and Sabra Kelley opened the first one in 2005 in a cinder-block shack on an Asheville floodplain; Bryan and Angela King have owned it since about 2012. Ribs are the signature — blueberry-chipotle and other glazes that are not Carolina orthodoxy — with pulled pork alongside. Barack Obama ate here in April 2010, which is the thing most often said about it.",,pork-shoulder|barbecue-tray|buxton-hall-barbecue,s:web-exploreasheville-12-bones|s:web-ourstate-12-bones-2024|s:web-bpr-rad-2025|s:web-mountainx-obama-2010|s:web-12bones-news|s:osm,cited,medium,True,2026-09-16,https://nanobotco.github.io/carolina-barbecue/place/12-bones-smokehouse/
allen-and-son,place,Allen & Son Barbeque,Allen & Son|Allen and Son Bar-B-Que|Allen & Son Barbecue,nc-piedmont,NC,Chapel Hill,35.9919056,-79.0716999,"{""state"": ""NC"", ""status"": ""closed"", ""founded"": ""1971"", ""fuel"": ""wood"", ""styles"": [""lexington"", ""eastern-nc""]}","The hickory-fired pork-shoulder restaurant on Millhouse Road at N.C. 86 north of Chapel Hill that Keith Allen opened in 1971 at nineteen and closed in the first week of December 2018, quietly, to avoid a long goodbye. Allen split the hickory himself, fired the pit every half hour for nine hours, and dressed the chopped shoulder with the hot vinegar sauce he had from his father — an eastern sauce on Piedmont meat. His wife Tammy waited tables for thirty years and made the ice cream; the pies, cobblers and banana pudding were the second reason to come. A separate Allen & Son in Pittsboro, under a licensing agreement, stayed open.",,lexington|eastern-nc|pork-shoulder|hickory-and-oak|vinegar-pepper-sauce|banana-pudding|sweet-tea|john-shelton-reed|southern-foodways-alliance,s:web-uncpress-keith-allen|s:web-ourstate-allen-son|s:web-chapelboro-allen-son|s:reed-holy-smoke|s:web-barbecuebros-nc-trail,cited,high,False,2026-09-16,https://nanobotco.github.io/carolina-barbecue/place/allen-and-son/
alston-bridges-barbecue,place,Alston Bridges Barbecue,Alston Bridges,nc-piedmont,NC,Shelby,35.30425,-81.5277,"{""state"": ""NC"", ""status"": ""open"", ""founded"": ""1955"", ""fuel"": ""mixed"", ""styles"": [""lexington""]}","The Shelby pork-shoulder house of the other Bridges family, on East Grover Street in Cleveland County, where Alston Bridges and his wife Mabel bought the property in 1955. Alston learned the trade from his brother-in-law Warner Stamey, managing Stamey's Log Cabin Barbecue in Lexington for two and a half years first. About fifty shoulders a day go through the kitchen; the tray is chopped or coarse-chopped pork with red slaw and hushpuppies. What is under the meat is disputed: three accounts describe electric cookers or gas, one promotional listing says wood-smoked.",,lexington|pork-shoulder|warner-stamey|red-slaw|red-bridges-barbecue-lodge,s:web-clevelandcounty-history|s:web-ourstate-shelby-2013|s:web-barbecuebros-alston-bridges-2024|s:web-alstonbridges|s:osm,cited,medium,True,2026-09-16,https://nanobotco.github.io/carolina-barbecue/place/alston-bridges-barbecue/
backyard-bbq-pit,place,Backyard BBQ Pit,Backyard Barbecue Pit|The Backyard BBQ Pit,nc-piedmont,NC,Durham,35.89406,-78.89769,"{""state"": ""NC"", ""status"": ""unknown"", ""founded"": ""2007"", ""fuel"": ""wood"", ""styles"": []}","A Black-owned barbecue restaurant on N.C. 55, the Apex Highway, in southeast Durham, opened in April 2007 by Fabianne and Melvin Simmons, who bought a struggling restaurant and made it a neighborhood institution: chopped barbecue and sandwiches, ribs, smoked chicken and oxtails, cooked over wood coals and made from scratch. Its later years were hard — a $50,000 GoFundMe in 2023, a change of owners, eight months dark for renovations before a March 2024 reopening, and in April 2026 a report that it was weeks from closing unless a buyer came. Its status in September 2026 is not confirmed on this disk.",,chopped|barbecue-sandwich|gradys-barbecue|adrian-miller,s:web-spectacular-backyard|s:web-cbs17-backyard-returns|s:web-assembly-black-owned-bbq|s:miller-black-smoke|s:osm,cited,low,True,2026-09-16,https://nanobotco.github.io/carolina-barbecue/place/backyard-bbq-pit/
bar-b-q-center,place,Bar-B-Q Center,The Barbecue Center|Barbecue Center|Lexington Barbecue Center,nc-piedmont,NC,Lexington,35.83159,-80.2443,"{""state"": ""NC"", ""status"": ""open"", ""founded"": ""1955"", ""fuel"": ""wood"", ""styles"": [""lexington""]}","A pork-shoulder pit and ice-cream counter on North Main Street in Lexington, Davidson County, that began in 1955 as a dairy bar, put a shoulder on a pit one slow winter, and has been the Conrad family's since: Sonny Conrad (1938–2013), who started on curb service there as a teenager in 1955 and became owner in 1969, his wife Nancy, and their sons Michael and Cecil. Shoulders cook over hickory; the barbecue comes chopped, sliced or 'brown' — the smoky outside of the shoulder — with the dip and red slaw. The ice cream never left: about 200 gallons a week, much of it in a banana split of three and a half pounds.",,lexington|pork-shoulder|outside-brown|lexington-dip|red-slaw|hushpuppies|hickory-and-oak|lexington-barbecue|cooks-barbecue|southern-foodways-alliance,s:web-barbecuecenter-about|s:web-ourstate-bar-b-q-center|s:sfa-barbecue-center|s:osm|s:web-truecue-nc|s:web-barbecuebros-nc-trail,cited,high,False,2026-09-16,https://nanobotco.github.io/carolina-barbecue/place/bar-b-q-center/
bessingers-bar-b-q,place,Bessinger's Bar-B-Q,Bessinger's BBQ|Bessinger's Bar-Be-Que|Bessinger's Barbeque|Piggy Park Drive-In|Bessinger's — The Barbecue Family,sc-lowcountry|sc,SC,Charleston,32.78697,-80.01177,"{""state"": ""SC"", ""status"": ""open"", ""founded"": ""1960"", ""styles"": [""sc-mustard""]}","A Bessinger family barbecue house at 1602 Savannah Highway in Charleston's West Ashley. Thomas Bessinger came from Holly Hill to Charleston with his brother Melvin in 1955, opened his own restaurant in 1960, and in 1961 the brothers opened Piggy Park Drive-In on the highway; renamed Bessinger's in 1971, it is run by Thomas's sons Tommy and Michael. It serves chopped pork in the family's mustard sauce, ribs, hash and rice, and a buffet on weekend evenings, and the South Carolina Barbeque Association lists it as 100-Mile Barbecue — a house worth a hundred-mile drive. It is the Charleston branch of the family whose Columbia branch is Maurice's Piggie Park.",,sc-mustard|mustard-sauce|joe-bessinger|maurice-bessinger|maurices-piggie-park|sweatmans-bar-b-que|hash-and-rice|home-team-bbq|south-carolina-barbeque-association,s:web-melvins-our-story|s:web-live5-thomas-bessinger-2023|s:web-abc4-thomas-bessinger-2023|s:web-top100bbq-bessingers|s:web-barbecuetricks-bessingers|s:web-charleston-mag-mustard-migration|s:web-sfa-melvins-legendary-bar-b-q|s:web-baltimore-sun-bessinger-2002|s:web-seattle-times-piggie-park-2002|s:osm,cited,medium,True,2026-09-16,https://nanobotco.github.io/carolina-barbecue/place/bessingers-bar-b-q/
big-t-bar-b-q,place,Big T Bar-B-Q,Big T's Bar-B-Que|Big T's,sc-midlands,SC,Gadsden,33.8552,-80.76565,"{""state"": ""SC"", ""status"": ""open"", ""fuel"": ""wood"", ""styles"": []}","A Black-owned wood-burning pit on Congaree Road at Gadsden, in lower Richland County below Columbia, run by Larry Brown, known as Teddy and as Big T, who has sold barbecue to the Columbia area for more than thirty years. Logs burn down in a warped burn box behind the smokehouse and the coals are shovelled into low metal pits under pork shoulders. Hash goes over rice, made with pork and offal in the Midlands way. A second house on Garners Ferry Road in Columbia serves the same barbecue from a buffet.",,pork-shoulder|burn-barrel|hash-and-rice|campaign-for-real-barbecue|south-carolina-barbeque-association|adrian-miller,s:web-destination-bbq-big-t|s:web-top100bbq-big-t|s:web-eatokra-big-t|s:web-eatokra|s:web-truecue-sc|s:web-destination-bbq-hash-map|s:osm,cited,medium,True,2026-09-16,https://nanobotco.github.io/carolina-barbecue/place/big-t-bar-b-q/
bobbee-os-bbq,place,Bobbee O's BBQ,Bobbee O's,nc-piedmont,NC,Charlotte,35.34873,-80.84135,"{""state"": ""NC"", ""status"": ""open"", ""founded"": ""2008"", ""fuel"": ""unknown"", ""styles"": []}","A Black-owned barbecue counter on Statesville Road in north Charlotte, opened in 2008 by Bob Steven Roberts after four years working on his sauce. The board runs to pulled pork, ribs, brisket and wings rather than whole hog, and the room is counter service with online ordering. Roberts's niece Chloria Chandler is his business partner. It is one of the few barbecue businesses in Mecklenburg County that the Black-owned business directories carry, and the only one in this project's Charlotte records.",,pork-shoulder|barbecue-sandwich|adrian-miller,s:web-qcitymetro-bobbee-os|s:web-nba-black-owned-charlotte|s:web-eatokra-bobbee-os|s:web-eatokra|s:osm,cited,medium,True,2026-09-16,https://nanobotco.github.io/carolina-barbecue/place/bobbee-os-bbq/
bobbys-bbq,place,Bobby's BBQ,Bobby's,sc-upstate,SC,Fountain Inn,34.70625,-82.22974,"{""state"": ""SC"", ""status"": ""open"", ""founded"": ""2018"", ""fuel"": ""wood"", ""styles"": []}","A Texas-leaning smokehouse on North Main Street in Fountain Inn, Greenville County, owned by Octavius Nelson, called Tay, and his wife Sarah. Brisket, pulled pork, ribs, turkey and house-made sausage come off the pits; there is no hash and no buffet, which sets it apart from most South Carolina barbecue houses. The name is for Tay's father Bobby Nelson Sr. and his brother Bobby Jr., both dead before the business began. A seasoning line came first, in 2010; the restaurant followed.",,pork-shoulder|campaign-for-real-barbecue|lewis-barbecue,s:web-eatbobbys-roots|s:web-eatbobbys-press|s:web-truecue-sc|s:osm,cited,medium,True,2026-09-16,https://nanobotco.github.io/carolina-barbecue/place/bobbys-bbq/
browns-bar-b-que,place,Brown's Bar-B-Que,Brown's Bar-B-Q|Brown's BBQ|Brown's,sc-pee-dee|sc,SC,Kingstree,33.6943268,-79.8181123,"{""state"": ""SC"", ""status"": ""open"", ""founded"": ""1981"", ""styles"": [""sc-pee-dee""]}","A farm family's buffet house on the Williamsburg County Highway north of Kingstree, in the Pee Dee, opened in 1981 as a take-out window by Thomas M. Brown Jr., a row-crop farmer, with a dining room added about ten years on. Whole hogs are cooked and chopped, mopped on the pit with a vinegar-and-hot-pepper sauce the family calls barbecue gravy, and set on a long buffet with ribs, smoked ham, barbecued and fried chicken, barbecued and baked turkey, perloo, liver hash and rice, and vegetables the Browns grow themselves — corn, squash, okra, butter beans, collards, cabbage. The Barbeque Association names it among the state's top barbecue houses.",,sc-pee-dee|vinegar-pepper-sauce|whole-hog|hash-and-rice|chicken-bog|texas-pete|pig-pickin|mccabes-bar-b-q|coopers-country-store|scotts-bar-b-que|south-carolina-barbeque-association|southern-foodways-alliance,s:web-sfa-browns-bar-b-q|s:sfa-oral-histories|s:web-destination-bbq-browns|s:web-john-tanner-browns-2024|s:wp-kingstree-south-carolina|s:wp-hash-stew|s:osm|s:web-destination-bbq-hash-map,cited,medium,True,2026-09-16,https://nanobotco.github.io/carolina-barbecue/place/browns-bar-b-que/
bs-barbecue,place,B's Barbecue,B's|B's Barbeque|B's Bar-B-Q,nc-east,NC,Greenville,35.6209409,-77.4173525,"{""state"": ""NC"", ""status"": ""open"", ""founded"": ""1978"", ""fuel"": ""charcoal"", ""styles"": [""eastern-nc""]}","A whole-hog and chicken pit on the edge of Greenville, Pitt County, in a converted country store on a road the county named for it. Bill McLawhorn, the B, opened it in 1978 with his wife Peggy; their daughters Judy Drach, Tammy Godley and Donna McLawhorn have run it since his death in 2007. There is no telephone, no take-out menu and no closing time: the doors open at nine in the morning and shut when the day's barbecue and chicken are gone, usually early afternoon. Cash or check only. The line forms before opening.",,eastern-nc|whole-hog|barbecue-chicken|chopping-block|sam-jones-bbq|skylight-inn|southern-foodways-alliance,s:web-ourstate-a-day-at-bs|s:web-ourstate-bs-barbecue|s:sfa-bs-barbecue|s:web-truecue-nc|s:web-barbecuebros-nc-trail,cited,high,True,2026-09-16,https://nanobotco.github.io/carolina-barbecue/place/bs-barbecue/
bums-restaurant,place,Bum's Restaurant,Bum's|Bum's Barbecue|Bum's Restaurant Ayden,nc-east,NC,Ayden,35.4709338,-77.4168893,"{""state"": ""NC"", ""status"": ""open"", ""founded"": ""1963"", ""fuel"": ""wood"", ""styles"": [""eastern-nc""]}","A wood-fired whole-hog restaurant in downtown Ayden, Pitt County, opened in 1963 by Latham 'Bum' Dennis, of the family that counts Skilton Dennis's 1830 wagon as the start of barbecue for sale here, and run by his son Larry, who cuts the wood, burns the coals and starts around four in the morning. Unlike most eastern pits it keeps a buffet of vegetables cooked that day — collards from the family garden, cabbage pastry, stewed rutabaga, black-eyed peas, boiled potatoes — beside the chopped barbecue. The sign is modest; the smell does the advertising.",,eastern-nc|whole-hog|bum-dennis|skilton-dennis|skylight-inn|sam-jones-bbq|boiled-potatoes|southern-foodways-alliance,s:sfa-bums-restaurant|s:web-ourstate-bums|s:web-truecue-nc,cited,medium,True,2026-09-16,https://nanobotco.github.io/carolina-barbecue/place/bums-restaurant/
buxton-hall-barbecue,place,Buxton Hall Barbecue,Buxton Hall|Buxton Hall Bar-B-Cue,nc-mountains,NC,Asheville,35.5890734,-82.5533593,"{""state"": ""NC"", ""status"": ""closed"", ""founded"": ""2015"", ""fuel"": ""wood"", ""styles"": [""eastern-nc"", ""sc-pee-dee""]}","A whole-hog restaurant that ran from August 2015 to November 22, 2023 in a 1930s roller rink on Banks Avenue in Asheville's South Slope, opened by pitmaster Elliott Moss with Meherwan Irani's Chai Pani restaurant group. Pasture-raised pigs from western North Carolina farms smoked over wood from ten at night to eight in the morning; the plate carried South Carolina hash over rice — the pig's organs and fatty trimmings cooked down to a gravy — beside the chopped hog, with a fried-chicken sandwich, smoked baked beans and pimento cheese, lard-crust pies and banana pudding under meringue. The rink's murals stayed on the walls.",,eastern-nc|sc-pee-dee|whole-hog|hash-and-rice|elliott-moss|banana-pudding,s:web-ourstate-buxton-hall|s:web-smokesheet-buxton-hall-closes|s:web-wlos-chai-pani,cited,high,False,2026-09-16,https://nanobotco.github.io/carolina-barbecue/place/buxton-hall-barbecue/
cannons-bbq,place,Cannon's BBQ,Cannons BBQ|Cannons BBQ & More|Cannon's,sc-midlands|sc,SC,Little Mountain,34.1962557,-81.4123229,"{""state"": ""SC"", ""status"": ""closed"", ""fuel"": ""wood"", ""styles"": [""sc-mustard""]}","A small barbecue house in a converted mobile home at a five-way crossroads in Little Mountain, Newberry County — the Dutch Fork, the German-settled land between the Broad and Saluda rivers where the Midlands mustard sauce is at home. The Cannons cooked over wood coals they burned down themselves and chopped the pork for a sauce with a concentrated yellow-mustard taste; the ribs fell off the bone, and the hash — the Midlands' stew of pork and onion, here tinged bright yellow with mustard — is what Robert Moss remembered it for. It has closed: Moss, writing in March 2020, called it recently closed.",,sc-mustard|mustard-sauce|hash-and-rice|dutch-fork|robert-moss|hites-bar-b-q,s:web-moss-hash-and-rice-2020|s:web-destination-bbq-update-cannons|s:wp-dutch-fork|s:wp-hash-stew|s:osm,cited,medium,True,2026-09-16,https://nanobotco.github.io/carolina-barbecue/place/cannons-bbq/
carolina-bar-b-que,place,Carolina Bar-B-Que,Carolina BBQ|Carolina Bar-B-Que of New Ellenton,sc-midlands,SC,New Ellenton,33.4186,-81.68524,"{""state"": ""SC"", ""status"": ""open"", ""founded"": ""1969"", ""fuel"": ""wood"", ""styles"": [""sc-mustard""]}","A mustard-sauce buffet house on South Main Street in New Ellenton, Aiken County, founded by Willie Mae Walker and her son Jess. She was born Willie Mae Baltzegar, daughter of the Rowesville pitmaster Willie Baltzegar, which puts a pit-cooking line behind the place two generations deep. Pork shoulders cook over wood in smokers out back — not open-pit whole hog. The buffet was twelve dollars in April 2025 and the hash is rust-orange and thick enough to lift on a fork. Thomas Zeigler has run it since about 2022.",,sc-mustard|mustard-sauce|pork-shoulder|hash-and-rice|dukes-bar-b-que|campaign-for-real-barbecue|robert-moss,s:web-thefoodsection-carolina-bbq-2025|s:web-southernflavor-sc-cue-2022|s:web-johntanner-carolina-bbq-2024|s:web-carolina-bbq-new-ellenton|s:web-truecue-sc|s:web-destination-bbq-hash-map|s:osm,cited,medium,True,2026-09-16,https://nanobotco.github.io/carolina-barbecue/place/carolina-bar-b-que/
clyde-coopers,place,Clyde Cooper's BBQ,Clyde Cooper's Barbecue|Clyde Cooper's|Cooper's,nc-east,NC,Raleigh,35.77627,-78.63816,"{""state"": ""NC"", ""status"": ""open"", ""founded"": ""1938"", ""fuel"": ""unknown"", ""styles"": [""eastern-nc"", ""lexington""]}","Raleigh's downtown barbecue house since New Year's Day 1938, when Clyde Cooper opened on East Davie Street with fifty dollars borrowed from a brother-in-law; it moved around the corner to 327 South Wilmington Street in 2014 when the old building was lost to development, carrying the awning and the front door with it. It cooks pork shoulders — hand-trimmed, never whole hog — in pits on the upper floor, chops them and dresses them with Cooper's tangy sauce, which the city's tourism office calls a blend of eastern and Lexington ways. Fried chicken, Brunswick stew, collards, hushpuppies, boiled potatoes and banana pudding fill out the board; fried pork skins ride on the tray.",,eastern-nc|lexington|pork-shoulder|pork-skins|barbecue-tray|brunswick-stew|hushpuppies|banana-pudding|sam-jones-bbq|southern-foodways-alliance,s:web-clydecoopersbbq-story|s:sfa-clyde-coopers-barbecue|s:web-visitraleigh-clyde-coopers|s:osm,cited,high,False,2026-09-16,https://nanobotco.github.io/carolina-barbecue/place/clyde-coopers/
cooks-barbecue,place,Cook's Barbecue,Cook's BBQ|Cooks & BBQ Still Smoking,nc-piedmont,NC,Lexington,35.7089148,-80.2732086,"{""state"": ""NC"", ""status"": ""closed"", ""founded"": ""1969"", ""fuel"": ""wood"", ""styles"": [""lexington""]}","A pork-shoulder pit off Valiant Drive south of Lexington, Davidson County, built by hand in 1969 by Doug Cook on a cul-de-sac plot down the road from his house — a pit and kitchen, a wooden chopping block, a drive-up window — with a dining room he framed from oaks felled on the lot. His son Brandon, born a year after the restaurant, came back as pitmaster in 2001 and kept the original brick pit and the hickory coals. In an October report DavidsonLocal recorded that the restaurant, by then trading as Cooks & BBQ Still Smoking, had announced on July 28 that it was closed indefinitely and would be sold; no reopening is on this disk.",,lexington|pork-shoulder|brick-pit|hickory-and-oak|chopping-block|lexington-dip|lexington-barbecue|bar-b-q-center|rien-fertel,s:sfa-cooks-barbecue|s:web-davidsonlocal-bbq-reopen|s:osm,cited,medium,True,2026-09-16,https://nanobotco.github.io/carolina-barbecue/place/cooks-barbecue/
coopers-country-store,place,Cooper's Country Store,Cooper's|Burrows's Service Station,sc-pee-dee|sc,SC,Salters,33.5938608,-79.8541999,"{""state"": ""SC"", ""status"": ""open"", ""founded"": ""1937"", ""fuel"": ""wood"", ""styles"": [""sc-pee-dee""]}","A whitewashed general store on US 521 near Salters, south of Kingstree in Williamsburg County, that sells hardware, groceries, gasoline, diesel, propane, plow points, cast-iron cookware, live crickets — and, from a small meat counter at the back, whole-hog barbecue cooked over wood embers, hash, boiled peanuts and salt-cured country hams. Theron Burrows opened it as an Esso station in 1937; George Cooper built the pit after 1974; his nephew Russell Cooper has run it since 2003. It is a store, not a restaurant, and the barbecue is one more thing it keeps.",,sc-pee-dee|whole-hog|vinegar-pepper-sauce|hash-and-rice|barbecue-sandwich|browns-bar-b-que|southern-foodways-alliance|rien-fertel,s:web-sfa-coopers-country-store|s:sfa-oral-histories|s:web-garden-gun-coopers-2014|s:web-destination-bbq-coopers|s:osm,cited,high,True,2026-09-16,https://nanobotco.github.io/carolina-barbecue/place/coopers-country-store/
dukes-bar-b-que,place,Dukes Bar-B-Que,Dukes|Duke's Bar-B-Que|Dukes Bar-B-Que Whitman|Dukes Bar-B-Que Chestnut,sc-midlands|sc,SC,Orangeburg,33.4903814,-80.8427238,"{""state"": ""SC"", ""status"": ""open"", ""founded"": ""1955"", ""fuel"": ""mixed"", ""styles"": [""sc-mustard""]}","The name on a dozen or more buffet houses across the Midlands and Lowcountry, all descended from the sons of Manuel Dukes of Orangeburg County, who learned pit cooking from a Rowesville pitmaster and catered the county's gatherings. In Orangeburg itself the line is Earl Duke's: he opened downtown at Chestnut Street and Columbia Road in 1955 and later moved to Whitman Street, and his sister's family runs a second Dukes on Chestnut Street. Both sell from a buffet line: chopped pork in a mustard-and-ketchup 'rust' sauce, hash over rice — the Midlands' stew of pork and onion — fried and barbecued chicken, and a loaf of sliced white bread at the end.",,sc-mustard|mustard-sauce|hash-and-rice|pork-shoulder|sweet-tea|light-bread|gas-and-electric-cookers|bessingers-bar-b-q|maurices-piggie-park|sweatmans-bar-b-que|southern-foodways-alliance,s:wp-dukes-bar-b-que|s:web-sfa-dukes-bar-b-que|s:sfa-oral-histories|s:web-city-paper-dukes-2011|s:web-destination-bbq-dukes-chestnut|s:web-dukessc-whitman|s:wp-barbecue-in-south-carolina|s:osm|s:web-destination-bbq-hash-map,cited,high,True,2026-09-16,https://nanobotco.github.io/carolina-barbecue/place/dukes-bar-b-que/
fuzzys-bar-b-q,place,Fuzzy's Bar-B-Q,Fuzzy's|Fuzzy's Barbecue,nc-piedmont,NC,Madison,36.39363,-79.96889,"{""state"": ""NC"", ""status"": ""open"", ""founded"": ""1954"", ""fuel"": ""wood"", ""styles"": [""lexington""]}","A pork-shoulder house on Highway Street in Madison, Rockingham County, opened in 1954 by T.H. 'Fuzzy' Nelson and in the Nelson family since. Shoulders cook over hickory coals in pits behind the building; the tray is the Piedmont tray, chopped or coarse-chopped pork with the dip — the thin vinegar-and-ketchup sauce of the region — red slaw and hushpuppies. It holds True 'Cue certification, which turns on wood or charcoal being the only heat under the meat, and it is a stop on the North Carolina Barbecue Society's Historic Barbecue Trail. Breakfast is served from early morning, which few barbecue houses do.",,lexington|pork-shoulder|lexington-dip|red-slaw|hickory-and-oak|campaign-for-real-barbecue|north-carolina-barbecue-society,s:web-fuzzys-bbq|s:web-truecue-nc|s:web-barbecuebros-nc-trail|s:web-visitnc-project543|s:web-ourstate-historic-barbecue-trail|s:osm,cited,medium,True,2026-09-16,https://nanobotco.github.io/carolina-barbecue/place/fuzzys-bar-b-q/
gradys-barbecue,place,Grady's Barbecue,Grady's BBQ|Grady's Bar-B-Q|Grady's,nc-east,NC,Dudley,35.2652434,-77.959773,"{""state"": ""NC"", ""status"": ""open"", ""founded"": ""1986"", ""fuel"": ""wood"", ""styles"": [""eastern-nc""]}","A whole-hog pit at a country crossroads in Dudley, Wayne County, south of Goldsboro, opened on July 4, 1986 by Steve and Gerri Grady and run by Gerri and their son Scottie since Steve's death in August 2025. Hogs cook over oak and hickory coals; the barbecue is chopped by hand and served with stewed collards, cabbage, slaw and potato salad, and tea Gerri brews on the stove. The Assembly reported in February 2026 that it is, by most accounts, the one Black-owned brick-and-mortar whole-hog restaurant at the top of North Carolina's best-of lists, and one of the last of its kind. It opens four days a week.",,eastern-nc|whole-hog|hickory-and-oak|hushpuppies|wilbers-barbecue|scotts-famous-barbecue|north-carolina-barbecue-society|southern-foodways-alliance,s:web-ourstate-gradys|s:sfa-gradys-barbecue|s:web-abc11-gradys|s:web-assembly-black-owned-bbq|s:web-truecue-nc|s:web-barbecuebros-nc-trail,cited,high,True,2026-09-16,https://nanobotco.github.io/carolina-barbecue/place/gradys-barbecue/
henrys-smokehouse,place,Henry's Smokehouse,Henry's|Henry's Smokehouse BBQ,sc-upstate|sc,SC,Greenville,34.86283,-82.38386,"{""state"": ""SC"", ""status"": ""open"", ""founded"": ""1991"", ""fuel"": ""wood"", ""styles"": [""sc-light-tomato"", ""sc-mustard""]}","An Upstate barbecue house at 240 Wade Hampton Boulevard on the edge of downtown Greenville, opened by Beau Hammond — in 1991 by the company's own account, in 1992 by the Greenville Journal's — in a small building that had been other eateries before. It cooks pork butts twelve hours and ribs six to eight over hickory logs in open pits, hand-pulls and chops the pork, and serves it with two sauces, a mild tomato-based one in the Piedmont manner and a spicy mustard one, with hash and rice on the side. A second house is in Simpsonville and a food truck, Henry's Hog Hauler, travels; the Barbeque Association lists it as 100-Mile Barbecue.",,sc-light-tomato|sc-mustard|light-tomato-sauce|mustard-sauce|pork-shoulder|hickory-and-oak|hash-and-rice|pulled-pork|lewis-barbecue|home-team-bbq|midway-bbq|south-carolina-barbeque-association,s:web-henrys-home|s:web-henrys-blog-2024|s:web-greenville-journal-henrys-2025|s:web-destination-bbq-henrys|s:osm|s:web-truecue-sc,cited,high,True,2026-09-16,https://nanobotco.github.io/carolina-barbecue/place/henrys-smokehouse/
hites-bar-b-q,place,Hite's Bar-B-Que,Hite's BBQ|Hite's Bar-B-Q|Hite's,sc-midlands|sc,SC,West Columbia,33.978304,-81.0928311,"{""state"": ""SC"", ""status"": ""open"", ""founded"": ""1957"", ""fuel"": ""wood"", ""styles"": [""sc-mustard""]}","A take-out barbecue stand on Dreher Road in West Columbia, open only on Friday and Saturday, where the Hite family has cooked whole hogs and hams over oak and hickory coals since 1957. It sells chopped pork, ham, ribs, pork skins, chicken, hash and rice and slaw by the plate and the pound, with a yellow mustard sauce applied lightly; there is no dining room, only picnic tables by a pond. The hash — the Midlands' stew of pork and onion — is made in cast-iron kettles over wood embers. It is not Jackie Hite's of Batesburg-Leesville, some twenty-five miles west, which closed in 2018.",,sc-mustard|mustard-sauce|whole-hog|hash-and-rice|hickory-and-oak|pork-skins|jackie-hites-bar-b-q|maurices-piggie-park,s:web-destination-bbq-hites|s:web-hites-about|s:osm|s:web-truecue-sc,cited,medium,True,2026-09-16,https://nanobotco.github.io/carolina-barbecue/place/hites-bar-b-q/
home-team-bbq,place,Home Team BBQ,Fiery Ron's Home Team BBQ|Home Team,sc-lowcountry|sc,SC,Charleston,32.7969462,-79.9978283,"{""state"": ""SC"", ""status"": ""open"", ""founded"": ""2006"", ""styles"": []}","A Charleston barbecue company that began in November 2006 when Aaron Siegel, a Culinary Institute-trained cook from Atlanta, turned Bunch's, a mid-century gas station at 1205 Ashley River Road in West Ashley, into Fiery Ron's Home Team BBQ. It cooks pulled pork, ribs, brisket and smoked chicken wings with an Alabama white sauce, runs a bar known for American whiskey and frozen drinks — the Game Changer is its signature — and books live Americana, blues and bluegrass. Seven locations by 2026: West Ashley, Sullivan's Island (2009), downtown Charleston (2016), Aspen (2016), Columbia (2019), Greenville (2021) and north Mount Pleasant (2022), with more than six hundred employees.",,pulled-pork|barbecue-sandwich|bessingers-bar-b-q|lewis-barbecue|rodney-scotts-whole-hog-bbq|henrys-smokehouse|fundraiser-barbecue,s:web-home-team-our-story|s:web-city-paper-home-team-20-years-2026|s:osm|s:web-truecue-sc|s:web-destination-bbq-hash-map,cited,high,False,2026-09-16,https://nanobotco.github.io/carolina-barbecue/place/home-team-bbq/
hurseys-bar-b-q,place,Hursey's Bar-B-Q,Hursey's|Hursey's Pig Pickin' Bar-B-Q|Hursey's BBQ,nc-piedmont,NC,Burlington,36.08222,-79.46281,"{""state"": ""NC"", ""status"": ""open"", ""founded"": ""1945"", ""fuel"": ""unknown"", ""styles"": [""lexington""]}","The Burlington, Alamance County, barbecue business of the Hursey family: Sylvester and Daisy Hursey began smoking pork over a backyard pit in 1945 with a sauce of their own, moved to a cafe in Gibsonville with two big pits behind it, and built a Burlington restaurant on Rauhut Street in 1957; their son Charles took over the Burlington trade in 1966, and his sons Chuck and Chris manage it now, a fourth generation coming on. It smokes more than 1,200 pork shoulders a week over hickory, plus hams, for five restaurants, a catering house and a wholesale trade; broasted chicken and hot apple turnovers are the other things it is known for.",,lexington|pork-shoulder|hushpuppies|pig-pickin|hickory-and-oak,s:web-hurseysbarbq-about|s:web-ourstate-hurseys|s:osm|s:web-truecue-nc|s:web-barbecuebros-nc-trail,cited,high,False,2026-09-16,https://nanobotco.github.io/carolina-barbecue/place/hurseys-bar-b-q/
jack-cobb-and-son,place,Jack Cobb & Son Barbecue Place,Jack Cobb & Son|Jack Cobb and Son Barbecue,nc-east,NC,Farmville,35.59375,-77.58887,"{""state"": ""NC"", ""status"": ""closed"", ""founded"": ""1971"", ""fuel"": ""wood"", ""styles"": [""eastern-nc""]}","A Black-owned whole-hog counter on South Main Street in Farmville, Pitt County, that Jack Cobb and his son Rudy built as a cinder-block storefront in 1971 and closed in the autumn of 2018. Hogs cooked all night over oak, pecan and hickory coals banked around them; Rudy Cobb shovelled glowing coals in from the hearth and would not use gas. There were no chairs and no tables, only a counter, three days a week. Barbecued chicken and barbecued turkey shared the board with the pork.",,eastern-nc|whole-hog|hickory-and-oak|hushpuppies|southern-foodways-alliance|rien-fertel|north-carolina-barbecue-society|jim-early,s:sfa-jack-cobb-and-son|s:web-ourstate-jack-cobb|s:web-wnct-jack-cobb-2018|s:web-wral-jack-cobb-2019|s:web-barbecuebros-nc-trail|s:early-best-tar-heel-barbecue|s:osm,cited,high,True,2026-09-16,https://nanobotco.github.io/carolina-barbecue/place/jack-cobb-and-son/
jackie-hites-bar-b-q,place,Jackie Hite's Bar-B-Q,Jackie Hite's Bar-B-Que|Jackie Hite's BBQ|Jackie Hite's,sc-midlands|sc,SC,Batesburg-Leesville,33.9173595,-81.5130142,"{""state"": ""SC"", ""status"": ""closed"", ""founded"": ""1979"", ""fuel"": ""wood"", ""styles"": [""sc-mustard""]}","A whole-hog buffet house on East Railroad Avenue in Leesville, across the tracks from the town, that James Lee 'Jackie' Hite opened in May 1979 and ran until his death in September 2016; his family closed it in 2018. Hogs cooked whole over hickory coals, the coals made in a burn barrel — a steel drum in which the logs burn down — and the chopped meat was dressed with a mustard, vinegar and pepper sauce and set on a buffet with fried chicken, hash and rice, collards, field peas and creamed corn, paid for on the way out. Hite was also Leesville's mayor and fire chief.",,sc-mustard|mustard-sauce|whole-hog|burn-barrel|block-pit|hickory-and-oak|hash-and-rice|hites-bar-b-q|shealys-bar-b-que|southern-foodways-alliance|rien-fertel,s:web-sfa-jackie-hites-bar-b-q|s:sfa-oral-histories|s:web-wis-jackie-hite-dies-2016|s:web-destination-bbq-jackie-hites|s:osm,cited,medium,True,2026-09-16,https://nanobotco.github.io/carolina-barbecue/place/jackie-hites-bar-b-q/
keatons-barbecue,place,Keaton's Barbecue,"Keaton's|Keaton's Original BBQ|Keaton's Barbecue, Inc.",nc-piedmont,NC,Cleveland,35.8340052,-80.7093506,"{""state"": ""NC"", ""status"": ""open"", ""founded"": ""1953"", ""fuel"": ""unknown"", ""styles"": []}","A chicken house in the crossroads community of Cleveland, Rowan County, west of Salisbury, where since 1953 the chicken has been fried (or baked) and then dipped whole in a hot vinegar-and-tomato barbecue sauce — 'dipped chicken', a North Carolina barbecue of its own kind. Burette Walker 'B.W.' Keaton, a Black railroad man laid off in 1953, started it in a shack and turned down moves to Statesville and Charlotte; he died in 1989, and his niece Kathleen Murray has run it since 1991. Half or whole, white or dark, hot or mild, with a slice of white bread and a hot vinegar slaw.",,barbecue-chicken|red-slaw|dip|lexington,s:web-ourstate-keatons|s:web-ncfolk-keatons|s:web-keatonsoriginalbbq,cited,high,True,2026-09-16,https://nanobotco.github.io/carolina-barbecue/place/keatons-barbecue/
kepleys-barbecue,place,Kepley's Bar-B-Q,Kepley's Barbecue|Kepley's,nc-piedmont,NC,High Point,35.97231,-80.01672,"{""state"": ""NC"", ""status"": ""closed"", ""founded"": ""1948"", ""fuel"": ""unknown"", ""styles"": [""lexington""]}","A High Point, Guilford County, barbecue stand in a surplus World War II Quonset hut — a half-cylinder of corrugated steel — opened in June 1948 by Hayden Kepley on North Main Street and closed on February 8, 2025 after 77 years. Bob Burleson came to work there as a sixteen-year-old curb boy the year it opened, bought it with Charlie Johnson when Kepley retired in 1962, and ran it until his death in May 2022 at ninety; his daughter Susan Burleson closed it when she could not staff the hours. It served chopped, vinegary pork with tangy red slaw on a bun, hushpuppies, and 85-cent coffee with refills.",,lexington|red-slaw|barbecue-sandwich|hushpuppies|chopped|short-sugars,s:web-hpe-kepleys-closing|s:web-gardenandgun-kepleys|s:web-kepleysbarbecue-history|s:osm,cited,high,False,2026-09-16,https://nanobotco.github.io/carolina-barbecue/place/kepleys-barbecue/
lewis-barbecue,place,Lewis Barbecue,Lewis BBQ|Lewis Barbecue Charleston,sc-lowcountry|sc,SC,Charleston,32.80872,-79.94661,"{""state"": ""SC"", ""status"": ""open"", ""founded"": ""2016"", ""styles"": []}","A Central Texas-style barbecue restaurant at 464 North Nassau Street on the upper peninsula of Charleston, opened in June 2016 by John Lewis, a pitmaster from El Paso who cooked in Austin with Franklin Barbecue and then as a partner in La Barbecue, welding his own smokers along the way. The meat is sold by the pound from a counter: prime brisket, beef ribs, pork spare ribs, turkey breast, pulled pork, 'Texas hot guts' sausage and a green-chile cheddar sausage, with sides from Texas — pinto beans, green chile corn pudding — and from here, collards. A second Lewis opened in Greenville in August 2022 and a third in Atlanta in December 2025.",,rodney-scotts-whole-hog-bbq|home-team-bbq|henrys-smokehouse|pulled-pork|barbecue,s:web-lewis-about|s:web-lewis-charleston|s:web-rough-draft-lewis-atlanta-2025|s:osm|s:web-truecue-sc,cited,high,False,2026-09-16,https://nanobotco.github.io/carolina-barbecue/place/lewis-barbecue/
lexington-barbecue,place,Lexington Barbecue,Lexington Barbecue #1|The Honeymonk|Honey Monk's|The Monk,nc-piedmont,NC,Lexington,35.8341,-80.26746,"{""state"": ""NC"", ""status"": ""open"", ""founded"": ""1962"", ""fuel"": ""wood"", ""styles"": [""lexington""]}","The pork-shoulder pit on Smokehouse Lane in Lexington, Davidson County, that Wayne Monk opened in 1962 at 26 after working under Warner Stamey, and that he owns with his son Rick. Shoulders cook nearly half a day over oak and hickory coals under four brick chimneys whose white smoke shows from the road; the meat is served chopped or sliced with the 'dip', the thin vinegar-and-ketchup sauce of the Piedmont, and with red slaw dressed with the same. Locals call it the Honeymonk, after Monk and his early partner Sonny Hunneycutt. The James Beard Foundation named it an America's Classic in 2003.",,lexington|pork-shoulder|lexington-dip|red-slaw|hushpuppies|hickory-and-oak|wayne-monk|warner-stamey|stameys-barbecue|bar-b-q-center|cooks-barbecue|skylight-inn|lexington-barbecue-festival,s:wp-lexington-barbecue|s:web-lexbbq-about|s:web-ourstate-lexington-barbecue|s:web-davidsonlocal-wayne-monk|s:sfa-stameys-barbecue|s:wp-skylight-inn-bbq|s:osm|s:web-truecue-nc|s:wp-james-beard-americas-classics,cited,high,False,2026-09-16,https://nanobotco.github.io/carolina-barbecue/place/lexington-barbecue/
luellas-bar-b-que,place,Luella's Bar-B-Que,Luella's|Luella's BBQ,nc-mountains,NC,Asheville,35.61528,-82.55463,"{""state"": ""NC"", ""status"": ""open"", ""founded"": ""2007"", ""fuel"": ""wood"", ""styles"": [""eastern-nc""]}","An Asheville barbecue house on Merrimon Avenue with a second room at Biltmore Park, opened in 2007 by Jeff Miller and named for his grandmother and his daughter. Jeff and Ashley Miller own it. Pork butts, ribs, whole chickens, brisket and turkey come off a smoker that a 2011 account had running hickory coals around the clock; the sauce is the Coastal Plain's vinegar rather than a mountain sweet one. Macaroni and cheese is on the board because the daughter it is half named for likes it.",,eastern-nc|pork-shoulder|vinegar-pepper-sauce|hickory-and-oak|12-bones-smokehouse,s:web-ourstate-luellas-2011|s:web-exploreasheville-luellas|s:web-luellasbbq|s:osm,cited,medium,True,2026-09-16,https://nanobotco.github.io/carolina-barbecue/place/luellas-bar-b-que/
maurices-piggie-park,place,Maurice's Piggie Park BBQ,Maurice's Piggie Park|Maurice's BBQ|Maurice's Gourmet Barbeque|Piggie Park|Maurice's,sc-midlands|sc,SC,West Columbia,33.97086,-81.077535,"{""state"": ""SC"", ""status"": ""open"", ""founded"": ""1953"", ""fuel"": ""wood"", ""styles"": [""sc-mustard""]}","A chain of eight barbecue restaurants around Columbia run from the original drive-in at 1600 Charleston Highway, West Columbia, where Maurice Bessinger and his brother Joe Jr. opened in 1953. Pork hams cook twenty-four hours over hickory coals at the West Columbia pits and go out daily to the 'Pit-Stop' locations; the meat is served chopped, in sandwiches and plates, with the yellow mustard sauce the company bottles as Southern Gold — sold for decades as Carolina Gold. Maurice's sons Lloyd and Paul, his daughter Debbie and his grandchildren run it. The name also carries a 1968 Supreme Court case and the flag fight of 2000.",,sc-mustard|mustard-sauce|carolina-gold|maurice-bessinger|joe-bessinger|bessingers-bar-b-q|hickory-and-oak|political-barbecue|dukes-bar-b-que|hites-bar-b-q,s:wp-maurice-bessinger|s:wp-newman-v-piggie-park-enterprises-inc|s:wp-barbecue-in-south-carolina|s:web-piggiepark-history|s:web-piggiepark-home|s:web-wis-maurices-fire-2024|s:web-abc4-maurices-reopens-2024|s:web-abc4-maurices-rebuild-2024|s:web-baltimore-sun-bessinger-2002|s:web-seattle-times-piggie-park-2002|s:osm|s:web-destination-bbq-hash-map|s:web-truecue-sc,cited,high,True,2026-09-16,https://nanobotco.github.io/carolina-barbecue/place/maurices-piggie-park/
mccabes-bar-b-q,place,McCabe's Bar-B-Q,McCabe's Bar-B-Que|McCabe's BBQ|McCabe's,sc-pee-dee|sc,SC,Manning,33.7050719,-80.2090309,"{""state"": ""SC"", ""status"": ""open"", ""fuel"": ""wood"", ""styles"": [""sc-pee-dee""]}","A family buffet house on North Brooks Street in Manning, Clarendon County, where the McCabes cook whole hogs, shoulders and hams together for ten to twelve hours over wood coals, on pits David McCabe built in a screened room off the back porch. The pulled meat is mixed and dressed with a vinegar-and-pepper sauce, slightly sweet with a little heat — the Pee Dee's sauce, not the Midlands' mustard — and set out with hash and rice, perloo, fried chicken and a table of vegetables. Open Friday and Saturday middays, cash only, closed for January. Southern Living has listed it among the South's top fifty barbecue houses.",,sc-pee-dee|vinegar-pepper-sauce|sc-mustard|whole-hog|hash-and-rice|chicken-bog|hushpuppies|south-carolina-barbeque-association|browns-bar-b-que,s:web-discoversc-mccabes|s:web-destination-bbq-mccabes|s:wp-lowcountry-cuisine|s:osm|s:web-truecue-sc,cited,medium,True,2026-09-16,https://nanobotco.github.io/carolina-barbecue/place/mccabes-bar-b-q/
meltons-barbecue,place,Melton's Barbecue,Bob Melton's|Bob Melton's Barbecue|Melton's,nc-east,NC,Rocky Mount,35.9423833,-77.7956949,"{""state"": ""NC"", ""status"": ""closed"", ""founded"": ""1924"", ""fuel"": ""mixed"", ""styles"": [""eastern-nc""]}","The Rocky Mount whole-hog house that Wikipedia records as North Carolina's first sit-down barbecue restaurant. Bob Melton, a horse trader, cooked hogs for friends in an open pit by the Tar River, sold meat by the pound, and in 1924 (some accounts say 1922) opened a shed of a restaurant that grew room by room. It served finely chopped whole hog with a vinegar sauce, boiled potatoes, slaw, corn sticks, hushpuppies and Brunswick stew, and sent barbecue out by bus to parties across the state. Floods from Hurricanes Fran and Floyd drove it out of the river bottom, and it closed in 2005.",,eastern-nc|whole-hog|bob-melton|boiled-potatoes|brunswick-stew|hushpuppies|gas-and-electric-cookers,s:wp-meltons-barbecue|s:web-ncm-bob-melton|s:wp-whole-hog-barbecue,cited,high,False,2026-09-16,https://nanobotco.github.io/carolina-barbecue/place/meltons-barbecue/
melvins-legendary-bar-b-que,place,Melvin's Legendary Bar-B-Que,Melvin's|Melvin's BBQ|Melvin's Legendary Barbecue,sc-lowcountry,SC,Charleston,32.75317,-79.97224,"{""state"": ""SC"", ""status"": ""open"", ""founded"": ""1982"", ""fuel"": ""wood"", ""styles"": [""sc-mustard""]}","A Charleston mustard-sauce house with rooms on Folly Road on James Island and on Houston Northcutt Boulevard in Mount Pleasant, opened in 1982 by Melvin Bessinger with his son David after Melvin left the partnership with his brother Thomas at Bessinger's. David Bessinger runs it now, and the thing that distinguishes it is a reversal: in 2015 he took out the gas-assisted pits and went back to cooking over wood alone. Pork shoulders go twenty-four hours at about two hundred degrees over smouldering hickory.",,sc-mustard|mustard-sauce|pork-shoulder|joe-bessinger|bessingers-bar-b-q|maurices-piggie-park|sweatmans-bar-b-que|gas-and-electric-cookers|campaign-for-real-barbecue,s:web-melvins-story|s:web-sfa-melvins-legendary-bar-b-q|s:web-melvins-press|s:web-truecue-sc|s:sfa-oral-histories|s:osm,cited,high,True,2026-09-16,https://nanobotco.github.io/carolina-barbecue/place/melvins-legendary-bar-b-que/
midway-bbq,place,Midway BBQ,Midway Barbecue|Midway,sc-upstate|sc,SC,Buffalo,34.72383,-81.65961,"{""state"": ""SC"", ""status"": ""open"", ""founded"": ""1941"", ""fuel"": ""wood"", ""styles"": []}","A hash house and meat market on Main Street in Buffalo, a mill village in Union County in the Upstate, in business since about 1941 and the last of the nearly fifty hash houses the county once had. Hash here is the Upstate's kind: beef, butter, onion, salt and pepper cooked down slowly in three hundred-gallon pots, sold over rice and by the quart, and it outsells the barbecue three or four to one. The barbecue is hickory-smoked shoulder and ham, chopped; a creamy, spicy chicken stew goes out by the hundred gallons a day; and the front of the building is a butcher's counter with sawdust on the floor.",,hash-and-rice|pork-shoulder|hickory-and-oak|brunswick-stew|barbecue-chicken|henrys-smokehouse|southern-foodways-alliance|rien-fertel,s:web-sfa-midway-bbq|s:sfa-oral-histories|s:web-midway-bbq-home|s:wp-barbecue-in-south-carolina|s:wp-hash-stew|s:osm|s:web-truecue-sc,cited,high,False,2026-09-16,https://nanobotco.github.io/carolina-barbecue/place/midway-bbq/
morris-barbeque,place,Morris Barbeque,Morris Barbecue|Morris BBQ,nc-east,NC,Hookerton,35.41813,-77.57354,"{""state"": ""NC"", ""status"": ""unknown"", ""founded"": ""1956"", ""fuel"": ""gas"", ""styles"": [""eastern-nc""]}","A Saturday-only whole-hog house on Morris BBQ Road outside Hookerton, in Greene County, in business since 1956; the county named the road for it. William Morris Jr., grandson of the founder Willie McKinley Morris, cooks the hogs, chops the meat and works the counter. The pig goes on a gas machine built in Wilson in the early 1970s, its burners set off to one side rather than under the meat. Doors open at eight for take-out and half past nine for the dining room, and the barbecue is usually gone by one.",,eastern-nc|whole-hog|gas-and-electric-cookers|pork-skins|southern-foodways-alliance|rien-fertel,s:sfa-morris-barbeque|s:web-morris-barbeque|s:web-witn-morris-storm-2026|s:web-wcti-morris-repairs-2026|s:osm,cited,high,True,2026-09-16,https://nanobotco.github.io/carolina-barbecue/place/morris-barbeque/
parkers-barbecue,place,Parker's Barbecue,The Original Parker's Barbecue|Parker's|Parker's BBQ of Wilson,nc-east,NC,Wilson,35.6974271,-77.9369771,"{""state"": ""NC"", ""status"": ""open"", ""founded"": ""1946"", ""fuel"": ""gas"", ""styles"": [""eastern-nc""]}","A large eastern barbecue house on U.S. 301 south of Wilson, opened in August 1946 by brothers Graham and Ralph Parker and their cousin Henry Parker Brewer, and owned since 1987 by Donald Williams, who started there in 1963, with partners Eric Lippard and Kevin Lamm. It cooks about 150 whole hogs and fries about 8,000 chickens a week for some 20,000 customers, on gas cookers the founders installed in the 1950s. The barbecue is chopped fine and dressed with vinegar and red pepper; young staff in white paper caps seat the room; cash or check only.",,eastern-nc|whole-hog|gas-and-electric-cookers|hushpuppies|ed-mitchell|southern-foodways-alliance,s:web-ourstate-parkers|s:web-parkersbbqwilson|s:sfa-parkers-barbecue|s:osm,cited,high,False,2026-09-16,https://nanobotco.github.io/carolina-barbecue/place/parkers-barbecue/
red-bridges-barbecue-lodge,place,Red Bridges Barbecue Lodge,Bridges Barbecue Lodge|Bridges BBQ Lodge|Red Bridges,nc-piedmont,NC,Shelby,35.265807,-81.480884,"{""state"": ""NC"", ""status"": ""open"", ""founded"": ""1946"", ""fuel"": ""wood"", ""styles"": [""lexington""]}","The Shelby, Cleveland County, pork-shoulder house of the Bridges family, begun in 1946 by Red Bridges, an Army cook home from the war, and his wife Lyttle, and run by their daughter Debbie Bridges-Webb with her children Natalie Ramsey, who runs the front, and Chase Webb, who tends the pits overnight. Shoulders cook seven to eight hours a side over hickory and oak — no gas, no electric, the family told WBTV in 2026 — and the recipes are the ones the Bridges started with. The lodge on U.S. 74, across from the Cleveland Mall, marked eighty years in June 2026.",,lexington|pork-shoulder|hickory-and-oak|red-slaw|hushpuppies|warner-stamey|southern-foodways-alliance,s:sfa-red-bridges-barbecue-lodge|s:web-bridgesbbq-history|s:web-wbtv-red-bridges-80|s:sfa-stameys-barbecue|s:web-truecue-nc|s:web-barbecuebros-nc-trail,cited,high,True,2026-09-16,https://nanobotco.github.io/carolina-barbecue/place/red-bridges-barbecue-lodge/
rodney-scotts-whole-hog-bbq,place,Rodney Scott's Whole Hog BBQ,Rodney Scott's BBQ|Rodney Scott's,sc-lowcountry|sc,SC,Charleston,32.80344,-79.95121,"{""state"": ""SC"", ""status"": ""closed"", ""founded"": ""2017"", ""fuel"": ""charcoal"", ""styles"": [""sc-pee-dee""]}","A whole-hog restaurant at 1011 King Street on the Charleston peninsula, opened in February 2017 by Rodney Scott of Hemingway and the restaurateur Nick Pihakis in a former fried-chicken house, with seats for about 128, a drive-through and delivery. It cooked whole hogs over hardwood coals and served the pulled pork with a hot vinegar sauce beside spare ribs, fried catfish, a rib-eye sandwich and banana pudding. Sister restaurants followed in Birmingham in 2019 and in Atlanta and a second Alabama town in 2021. Every location closed in May 2026 amid lawsuits and liens against Pihakis's restaurant group, and the King Street doors have stayed shut since.",,scotts-bar-b-que|rodney-scott|whole-hog|vinegar-pepper-sauce|sc-pee-dee|banana-pudding|lewis-barbecue|home-team-bbq|pitmaster,s:wp-rodney-scotts-whole-hog-bbq|s:wp-rodney-scott-pitmaster|s:web-npr-pit-burned-down-2014|s:web-live5-rodney-scotts-close-2026|s:web-city-paper-rodney-scotts-closed-2026|s:web-cooter-soup-rodney-scott-back-2026|s:scott-world-of-bbq|s:osm|s:web-truecue-sc|s:web-black-restaurant-week,cited,high,True,2026-09-16,https://nanobotco.github.io/carolina-barbecue/place/rodney-scotts-whole-hog-bbq/
sam-jones-bbq,place,Sam Jones BBQ,Sam Jones Barbecue|Sam Jones BBQ Winterville|Sam Jones BBQ Raleigh,nc-east,NC,Winterville,35.5476993,-77.4021514,"{""state"": ""NC"", ""status"": ""open"", ""founded"": ""2015"", ""fuel"": ""wood"", ""styles"": [""eastern-nc""]}","A whole-hog restaurant in Winterville, Pitt County, opened on November 10, 2015 by Sam Jones, grandson of the Skylight Inn's founder Pete Jones, with his partner Michael Letchworth, and a second house in downtown Raleigh since February 2021. Whole hogs are smoked on site over wood, chopped and served daily; the menu runs longer than the Skylight's, with ribs, smoked chicken and turkey, cornbread, slaw and collards, banana pudding, and in Raleigh a full bar. Winterville is seven miles from the Skylight Inn in Ayden; Raleigh is the family's first restaurant outside Pitt County.",,eastern-nc|whole-hog|skylight-inn|sam-jones|pete-jones|cornbread|bs-barbecue|bums-restaurant|southern-foodways-alliance,s:web-samjonesbbq|s:web-visitraleigh-sam-jones|s:web-indyweek-sam-jones|s:sfa-skylight-inn|s:jones-whole-hog-bbq|s:wp-skylight-inn-bbq|s:web-truecue-nc,cited,high,False,2026-09-16,https://nanobotco.github.io/carolina-barbecue/place/sam-jones-bbq/
scotts-bar-b-que,place,Scott's Bar-B-Que,Scott's Variety Store and Bar-B-Q|Scott's Variety Store|Scott's BBQ|Scott's of Hemingway,sc-pee-dee|sc,SC,Hemingway,33.7433,-79.47498,"{""state"": ""SC"", ""status"": ""open"", ""founded"": ""1972"", ""fuel"": ""wood"", ""styles"": [""sc-pee-dee""]}","A whole-hog pit behind a country store on the Hemingway Highway in Williamsburg County, in the Pee Dee. Roosevelt and Ella Scott opened the store in 1972 and the barbecue began as a weekend sideline; it grew into the business, and into the pit where their son Rodney Scott learned the trade before he opened his own restaurant in Charleston in 2017. Whole hogs cook eight to twelve hours over coals burned down from hickory, oak and pecan, and the meat is pulled and dressed with a thin sauce of vinegar and pepper. It sells by the plate and the sandwich, cash only, four days a week.",,sc-pee-dee|whole-hog|vinegar-pepper-sauce|hickory-and-oak|rodney-scott|rodney-scotts-whole-hog-bbq|southern-foodways-alliance|rien-fertel|browns-bar-b-que|pig-pickin,s:wp-scotts-variety-store-and-bar-b-q|s:wp-rodney-scott-pitmaster|s:web-sfa-scotts-bar-b-que|s:sfa-oral-histories|s:web-live5-scotts-fire-2013|s:web-npr-pit-burned-down-2014|s:web-carolina-trust-roosevelt-scott-2020|s:web-scetv-scotts-backroad-bites-2021|s:web-destination-bbq-scotts|s:wp-hemingway-south-carolina|s:osm|s:web-truecue-sc,cited,high,True,2026-09-16,https://nanobotco.github.io/carolina-barbecue/place/scotts-bar-b-que/
scotts-famous-barbecue,place,Scott's Famous Barbecue,Scott's Barbecue|Scott's Cafe|Adam Scott's|Scott's Sauce Company,nc-east,NC,Goldsboro,35.3848841,-77.9927651,"{""state"": ""NC"", ""status"": ""closed"", ""founded"": ""1917"", ""fuel"": ""unknown"", ""styles"": [""eastern-nc""]}","The Goldsboro barbecue of the Rev. Adam Scott, a Black cook and preacher who catered barbecues from the 1910s, sold from the back door of his house on Brazil Street from the early 1930s, and whose son A. Martel Scott patented the family's vinegar sauce as Scott's Famous Barbecue Sauce in 1946. The company dates the sauce to 1917 and sells about a million bottles a year. The restaurants — three around Goldsboro by 1950 — are closed: after a first closure in 2001 the family ran on Thursday and Friday lunches for a while, then stopped to make sauce.",,eastern-nc|adam-scott|scotts-barbecue-sauce|vinegar-pepper-sauce|wilbers-barbecue|gradys-barbecue,s:web-aahc-scotts-cafe|s:web-cecelski-adam-scott|s:web-scottsbarbecuesauce|s:web-ncarts-goldsboro|s:wp-scotts-variety-store-and-bar-b-q,cited,medium,True,2026-09-16,https://nanobotco.github.io/carolina-barbecue/place/scotts-famous-barbecue/
shealys-bar-b-que,place,Shealy's Bar-B-Que,Shealy's Bar-B-Que House|Shealy's BBQ|Shealy's,sc-midlands|sc,SC,Batesburg-Leesville,33.91475,-81.51528,"{""state"": ""SC"", ""status"": ""open"", ""founded"": ""1969"", ""styles"": [""sc-mustard""]}","A buffet house on East Columbia Avenue in Batesburg-Leesville, Lexington County, opened in June 1969 by Victor and Sara Shealy with their teenage children Tommy and Nancy, and family-run since. It is the barbecue buffet in its fullest form: pork shoulders smoked by the thousand each week and served chopped with mustard sauce — vinegar and tomato sauces alongside — hash over rice, fried chicken, ribs, country-fried steak and more than forty home-cooked sides, with a salad bar and a dessert bar, all you can eat. The South Carolina House marked its fiftieth anniversary with a resolution in 2019.",,sc-mustard|mustard-sauce|hash-and-rice|pork-shoulder|jackie-hites-bar-b-q|dukes-bar-b-que|hites-bar-b-q,s:web-sc-house-h4503-shealys-2019|s:web-shealys-home|s:web-lake-murray-country-shealys|s:osm,cited,high,True,2026-09-16,https://nanobotco.github.io/carolina-barbecue/place/shealys-bar-b-que/
short-sugars,place,Short Sugar's Pit Bar-B-Q,Short Sugar's|Short Sugars BBQ|Short Sugar's Drive-In,nc-piedmont,NC,Reidsville,36.34422,-79.66475,"{""state"": ""NC"", ""status"": ""closed"", ""founded"": ""1949"", ""fuel"": ""wood"", ""styles"": [""lexington""]}","A drive-in barbecue on South Scales Street in Reidsville, Rockingham County, opened in June 1949 by the Overby brothers and named for the one who died two days before the opening, and closed in January 2025 after 75 years. It cooked over hickory coals in two small pits visible from the counter — hams for sliced barbecue, shoulders for chopped — and dressed the meat with a thin dark sauce built on Worcestershire and sugar rather than the ketchup of the Piedmont dips, a sauce that fit neither of North Carolina's camps. Curb service ran to the end.",,lexington|pork-shoulder|lexington-dip|hickory-and-oak|chopped|kepleys-barbecue|southern-foodways-alliance,s:web-ourstate-short-sugars|s:sfa-short-sugars-pit-bar-b-q|s:web-stateyourein-short-sugars|s:web-knightshift-short-sugars|s:osm|s:web-barbecuebros-nc-trail,cited,high,True,2026-09-16,https://nanobotco.github.io/carolina-barbecue/place/short-sugars/
shulers-bar-b-que,place,Shuler's Bar-B-Que,Shuler's BBQ|Shuler's Barbecue,sc-pee-dee,SC,Latta,34.3371,-79.43116,"{""state"": ""SC"", ""status"": ""open"", ""founded"": ""1996"", ""fuel"": ""wood"", ""styles"": []}","An all-you-can-eat barbecue house on Highway 38 between Latta and Sellers, in Dillon County in the Pee Dee, opened in 1996 by Norton and Lynn Hughes and named for Norton's father Shuler Hughes, who made the sauce in 1956, and for their grandson of the same name. Pork cooks over wood coals; the buffet runs to more than twenty items and includes liver hash over rice. It is open Thursday to Saturday. The Barbeque Association gives it the hundred-mile designation.",,sc-pee-dee|pork-shoulder|hash-and-rice|campaign-for-real-barbecue|south-carolina-barbeque-association,s:web-shulers-about|s:web-johntanner-shulers-2024|s:web-destination-bbq-shulers|s:web-truecue-sc|s:web-destination-bbq-hash-map|s:osm,cited,medium,True,2026-09-16,https://nanobotco.github.io/carolina-barbecue/place/shulers-bar-b-que/
skylight-inn,place,Skylight Inn BBQ,Skylight Inn|Pete Jones' Skylight Inn|the Skylight,nc-east,NC,Ayden,35.4635,-77.4177,"{""state"": ""NC"", ""status"": ""open"", ""founded"": ""1947"", ""fuel"": ""wood"", ""styles"": [""eastern-nc""]}","A whole-hog pit in Ayden, Pitt County, opened by Walter B. 'Pete' Jones on July 8, 1947 and run by his family since. Hogs cook, heads on, over coals burned down from oak and hickory logs; the meat is chopped on a block with the crisp skin chopped through it, dressed with vinegar, salt, pepper and Texas Pete, and served on a tray with slaw and a square of dense cornbread. A wood-and-aluminum copy of the U.S. Capitol dome sits on the roof.",,eastern-nc|whole-hog|cornbread|pete-jones|sam-jones|sam-jones-bbq,s:wp-skylight-inn-bbq|s:jones-whole-hog-bbq|s:fertel-one-true-barbecue|s:osm|s:web-truecue-nc|s:wp-james-beard-americas-classics|s:web-barbecuebros-nc-trail|s:sfa-skylight-inn,cited,high,True,2026-09-16,https://nanobotco.github.io/carolina-barbecue/place/skylight-inn/
smithfields-chicken-n-bar-b-q,place,Smithfield's Chicken 'N Bar-B-Q,Smithfield's|SCNB|Smithfield Bar-B-Q|Smithfield's Chicken and Barbeque|Smithfield Chicken & BBQ,nc-east|nc,NC,Smithfield,35.5111996,-78.346102,"{""state"": ""NC"", ""status"": ""open"", ""founded"": ""1977"", ""fuel"": ""unknown"", ""styles"": [""eastern-nc""]}","A quick-service chain of eastern North Carolina barbecue and fried chicken — 41 restaurants across the state as of March 2024, and an online store — begun by Junius and Maggie Moore in downtown Smithfield, Johnston County, in 1977 as Smithfield Bar-B-Q. It sells the eastern pairing over a counter, chopped pork and fried chicken, from the coast to the Triangle, and it stands in Wikipedia's list of the state's notable barbecue restaurants beside Melton's and the Skylight Inn. It is the chain form of the tradition, described here the same way as a wood pit.",,eastern-nc|barbecue|parkers-barbecue|skylight-inn,s:wp-smithfields-chicken-n-bar-b-q|s:osm|s:web-scnbnc,cited,medium,True,2026-09-16,https://nanobotco.github.io/carolina-barbecue/place/smithfields-chicken-n-bar-b-q/
speedy-lohrs-barbecue,place,Speedy Lohr's Barbecue,Speedy Lohr's|Speedy Lohr's BBQ,nc-piedmont,NC,Lexington,35.82403,-80.25338,"{""state"": ""NC"", ""status"": ""open"", ""founded"": ""2013"", ""fuel"": ""wood"", ""styles"": [""lexington""]}","A wood-burning pork house on NC 8 south of Lexington, Davidson County, run by Randy and Amy Lohr, who bought the building in June 2013 from Whitley's Barbecue and carried the family name onto it. Randy's father was Sherman Paul 'Speedy' Lohr, who started the first Speedy's on Highway 52 and learned under Warner Stamey. The pits burn wood and the family says plainly that they always will. The tray is the Piedmont tray, chopped shoulder with the dip and red slaw; pork-skin sandwiches come out on Thursdays.",,lexington|pork-shoulder|lexington-dip|pork-skins|warner-stamey|campaign-for-real-barbecue,s:web-johntanner-speedy-lohrs-2023|s:web-barbecuebros-speedy-lohrs|s:web-truecue-nc|s:osm,cited,medium,True,2026-09-16,https://nanobotco.github.io/carolina-barbecue/place/speedy-lohrs-barbecue/
speedys-barbecue,place,Speedy's Barbecue,Speedy's|Speedy's BBQ,nc-piedmont,NC,Lexington,35.83524,-80.24499,"{""state"": ""NC"", ""status"": ""open"", ""founded"": ""1963"", ""fuel"": ""electric"", ""styles"": [""lexington""]}","A Lexington pork-shoulder house that Paul 'Speedy' Lohr opened as a drive-in in 1963 and the Dunn family has run since the early 1970s. Roy and Ella Dunn hold it now. The pork cooks in five electric cookers that look like large rotisserie ovens — not over wood, which is why the house appears on no wood list and on no trail, and which makes it a plain case of how much of the Piedmont cooks. The tray is the Piedmont tray: chopped shoulder, the dip, red slaw, hushpuppies.",,lexington|pork-shoulder|gas-and-electric-cookers|lexington-dip|red-slaw|warner-stamey,s:web-ourstate-speedys|s:web-johntanner-speedys-2016|s:web-davidsonlocal-restaurant-workers|s:osm,cited,high,True,2026-09-16,https://nanobotco.github.io/carolina-barbecue/place/speedys-barbecue/
stameys-barbecue,place,Stamey's Barbecue,Stamey's|Stamey's Old Fashioned Barbecue,nc-piedmont,NC,Greensboro,36.11161,-79.83095,"{""state"": ""NC"", ""status"": ""open"", ""founded"": ""1953"", ""fuel"": ""wood"", ""styles"": [""lexington""]}","The Greensboro pork-shoulder house of the Stamey family, opened by Warner Stamey in 1953 as a drive-in on High Point Road (now West Gate City Boulevard) and run by his grandson Chip since 1993, with a second restaurant on Battleground Avenue. Fifteen-pound shoulders cook eight to ten hours over hickory coals; the barbecue is chopped or sliced and served with the dip, the thin red vinegar sauce of the Piedmont, red slaw and hushpuppies — which the family says Warner Stamey was the first to put beside barbecue in North Carolina. The name reaches back to a Lexington stand of 1938.",,lexington|pork-shoulder|lexington-dip|hushpuppies|red-slaw|hickory-and-oak|warner-stamey|jess-swicegood|sid-weaver|wayne-monk|lexington-barbecue|southern-foodways-alliance,s:web-stameys-history|s:sfa-stameys-barbecue|s:osm|s:web-truecue-nc|s:web-barbecuebros-nc-trail,cited,high,False,2026-09-16,https://nanobotco.github.io/carolina-barbecue/place/stameys-barbecue/
stephensons-bar-b-q,place,Stephenson's Bar-B-Q,Stephenson's Barbecue|Stephenson's|Stephenson's BBQ,nc-east,NC,Willow Spring,35.5957129,-78.7313999,"{""state"": ""NC"", ""status"": ""open"", ""founded"": ""1958"", ""fuel"": ""charcoal"", ""styles"": [""eastern-nc""]}","A family barbecue house on N.C. 50 at Willow Spring, in western Johnston County south of Raleigh, opened in July 1958 by hog farmer Paul Stephenson and run since his death by his son Andy. It cooks pork shoulders over hardwood charcoal — whole hogs at the start, shoulders later for leaner meat — and barbecue chicken with a tangy sauce, with hushpuppies and collards from the recipes of Paul's wife Jean, a home-economics teacher. It serves about 600 meals a day and closes on Sundays.",,eastern-nc|pork-shoulder|whole-hog|barbecue-chicken|hushpuppies|gas-and-electric-cookers,s:web-ourstate-stephensons|s:web-truecue-nc|s:web-barbecuebros-nc-trail,cited,medium,True,2026-09-16,https://nanobotco.github.io/carolina-barbecue/place/stephensons-bar-b-q/
sweatmans-bar-b-que,place,Sweatman's Bar-B-Que,Sweatman's BBQ|Sweatman's,sc-midlands|sc,SC,Holly Hill,33.3618738,-80.3820857,"{""state"": ""SC"", ""status"": ""open"", ""founded"": ""1977"", ""fuel"": ""mixed"", ""styles"": [""sc-mustard""]}","A whole-hog barbecue house in an old farmhouse on Eutaw Road outside Holly Hill, in Orangeburg County, the mustard belt of the Midlands. Harold 'Bub' Sweatman and his wife Margie opened it in 1977 and it has served two days a week since: Friday and Saturday, pulled pork from whole hogs, ribs, hash over rice — hash being the Midlands' stew of pork and onion — and a spicy-sweet mustard sauce, with pork skins when the hogs give them. The open block pits became gas-and-wood smokers; the buffet that made the name ended after the pandemic; the family sold in 2011, and new owners took over in 2026.",,sc-mustard|mustard-sauce|whole-hog|hash-and-rice|block-pit|gas-and-electric-cookers|pork-skins|banana-pudding|joe-bessinger|bessingers-bar-b-q|dukes-bar-b-que|southern-foodways-alliance,s:web-sfa-sweatmans-bar-b-que|s:sfa-oral-histories|s:web-destination-bbq-sweatmans|s:web-sweatmans-hours|s:web-sfa-melvins-legendary-bar-b-q|s:osm,cited,medium,True,2026-09-16,https://nanobotco.github.io/carolina-barbecue/place/sweatmans-bar-b-que/
tarheel-q,place,Tarheel Q,TarHeel Q|Tarheel Q BBQ,nc-piedmont,NC,Lexington,35.85743,-80.3821,"{""state"": ""NC"", ""status"": ""open"", ""fuel"": ""wood"", ""styles"": [""lexington""]}","A pork-shoulder pit on US 64 west of Lexington, Davidson County, cooking on brick masonry pits behind the building. Leon and Becky Simmons have owned it since December 2017. Smoke shows from the stacks when wood and pork go on together; the tray is the Piedmont tray, chopped shoulder with the dip, red slaw and hushpuppies, and a weekend pork-and-chicken special ran at $11.95 in April 2026. It carries True 'Cue certification, which turns on wood or charcoal being the only heat under the meat. It is not a stop on the Historic Barbecue Trail.",,lexington|pork-shoulder|brick-pit|lexington-dip|warner-stamey|campaign-for-real-barbecue,s:web-barbecuebros-tarheel-q|s:web-truecue-nc|s:web-davidsonlocal-restaurant-workers|s:web-foodsafetynews-tarheel-q-2015|s:web-johntanner-tarheel-q-2026|s:osm,cited,medium,True,2026-09-16,https://nanobotco.github.io/carolina-barbecue/place/tarheel-q/
the-fiction-kitchen,place,The Fiction Kitchen,Fiction Kitchen,nc-piedmont|nc,NC,Raleigh,35.7785,-78.6415,"{""state"": ""NC"", ""status"": ""open"", ""founded"": ""2012"", ""fuel"": ""unknown""}","A vegetarian and vegan restaurant in Raleigh whose menu carries a Southern-style pulled barbecue made without pork, served with the slaw and the sides a Carolina plate expects. Carolina Morrison opened it in 2012 on money raised through Kickstarter, ran it downtown for a decade, and reopened it at Gateway Plaza after a move in 2023. It is in this catalogue because it is one of the ways barbecue is cooked and eaten in North Carolina now, and because it is one of the few places in either state a published list names as LGBTQ-owned.",,barbecue-sandwich|pulled-pork|barbecue|white-slaw,s:web-cardinal-pine-lgbtq-nc|s:web-fiction-kitchen,cited,medium,True,2026-09-16,https://nanobotco.github.io/carolina-barbecue/place/the-fiction-kitchen/
true-bbq,place,True BBQ,True BBQ of West Columbia,sc-midlands,SC,West Columbia,33.9842,-81.07217,"{""state"": ""SC"", ""status"": ""open"", ""founded"": ""2010"", ""fuel"": ""wood"", ""styles"": []}","A Black-owned pit on D Avenue in West Columbia, opened in 2010 by the brothers Ernest and Milton Zanders after years of selling from street corners and events. The wood-fired pits are visible from the front parking lot. Hash and rice is what the place is known for and what it sells by the pint and the quart alongside pulled pork, ribs, pork chops, brisket and chicken. It is open four days, Thursday to Saturday and no more. A second True BBQ trades in Myrtle Beach.",,hash-and-rice|pork-shoulder|campaign-for-real-barbecue|adrian-miller,s:web-pc-free-times-true-bbq-2022|s:web-destination-bbq-true-bbq|s:web-eatokra-true-bbq|s:web-eatokra|s:web-truecue-sc|s:web-destination-bbq-hash-map|s:osm,cited,medium,True,2026-09-16,https://nanobotco.github.io/carolina-barbecue/place/true-bbq/
wilbers-barbecue,place,Wilber's Barbecue,Wilber's|Wilbers BBQ|Wilber's BBQ,nc-east,NC,Goldsboro,35.35061,-77.9224636,"{""state"": ""NC"", ""status"": ""open"", ""founded"": ""1962"", ""fuel"": ""wood"", ""styles"": [""eastern-nc""]}","A whole-hog pit on U.S. 70 east of Goldsboro, Wayne County, opened in 1962 by Wilberdean 'Wilber' Shirley and cooked the same way since: split hogs over oak coals in open pits in a cinder-block cookhouse behind a red-brick restaurant with knotty-pine walls and red-checked tablecloths. It closed in March 2019 over unpaid taxes and reopened in July 2020 under Goldpit Partners, a group of Goldsboro natives who bought it and restored the building. The pork is hand-chopped on oak blocks and seasoned with vinegar and spices; fried chicken, collards, fried okra and hushpuppies come alongside.",,eastern-nc|whole-hog|wilber-shirley|hickory-and-oak|chopping-block|pig-pickin|john-shelton-reed|gradys-barbecue|scotts-famous-barbecue,s:web-ourstate-wilbers-way|s:web-ourstate-wilbers|s:web-wilbersbbq|s:web-wral-wilbers-reopens|s:web-wral-wilber-shirley-dies|s:web-gardenandgun-wilbers|s:web-uncpress-wilber-shirley|s:reed-holy-smoke|s:web-truecue-nc|s:web-barbecuebros-nc-trail,cited,high,True,2026-09-16,https://nanobotco.github.io/carolina-barbecue/place/wilbers-barbecue/
adam-scott,person,Adam Scott,Rev. Adam Scott|Elder Adam Scott,nc-east|nc,NC,,,,"{""role"": [""cook"", ""founder"", ""sauce-maker""], ""state"": ""NC"", ""styles"": [""eastern-nc""]}","The Rev. Adam Scott (1890–1983) was a Black cook and Holiness minister in Goldsboro who by his company's date went into the barbecue business in 1917, cooking whole hogs in his back yard and selling chopped pork with a vinegar sauce through the back door; between 1931 and 1933 the house on Brazil Street became a restaurant. He said the sauce came to him in a dream; his son A. Martel Scott patented it in 1946, and the family still bottles it. David Cecelski's account has him catering a barbecue for President Franklin Roosevelt at the White House in 1933.",,scotts-famous-barbecue|scotts-barbecue-sauce|vinegar-pepper-sauce|eastern-nc|whole-hog|wilbers-barbecue|bob-melton|adrian-miller,s:web-cecelski-adam-scott|s:web-aahc-scotts-cafe|s:web-scotts-history|s:web-ncarts-goldsboro|s:web-moss-bbq-hof-2022|s:miller-black-smoke,cited,medium,True,2026-09-15,https://nanobotco.github.io/carolina-barbecue/person/adam-scott/
adrian-miller,person,Adrian Miller,Adrian E. Miller|the Soul Food Scholar,us-south,,,,,"{""role"": [""writer"", ""scholar""]}","A Denver writer and lawyer, the 'Soul Food Scholar' of his own site, whose Black Smoke: African Americans and the United States of Barbecue (UNC Press, 2021) is the history of the Black cooks, pitmasters and restaurant owners behind American barbecue and of their absence from its legends. It won the James Beard Foundation's 2022 Media Award for Reference, History, and Scholarship, his second after Soul Food (2013; award 2014). A former special assistant to President Clinton, he directs the Colorado Council of Churches and is a certified barbecue judge.",,pitmaster|eastern-nc|whole-hog|backyard-bbq-pit|southern-foodways-alliance,s:wp-adrian-miller|s:miller-black-smoke|s:web-adrianemiller-meet-adrian|s:web-adrianemiller-home|s:web-cochurches-exec|s:web-jbf-2022-media-award-winners|s:web-uncpressblog-miller-second-beard,cited,high,False,2026-09-15,https://nanobotco.github.io/carolina-barbecue/person/adrian-miller/
bob-garner,person,Bob Garner,the barbecue man|Robert Garner,nc,NC,,,,"{""state"": ""NC"", ""role"": [""writer""], ""styles"": [""eastern-nc"", ""lexington""]}","A North Carolina television reporter and writer who has covered the state's barbecue since 1994, when he began short features on it for UNC-TV's magazine program North Carolina Now. His first book, North Carolina Barbecue: Flavored by Time (John F. Blair, 1996), toured the state's pits; a one-hour television special followed, and with it the name 'the barbecue man'. Bob Garner's Guide to North Carolina Barbecue (2002) and Bob Garner's Book of Barbecue (2012) came after. He writes restaurant pieces for Our State magazine and divides his time between Burlington and Raleigh.",,lexington-barbecue|outside-brown|stameys-barbecue|bs-barbecue|gradys-barbecue|red-bridges-barbecue-lodge|wilbers-barbecue|skylight-inn|short-sugars|sam-jones-bbq|smithfields-chicken-n-bar-b-q|eastern-nc|lexington|pig-pickin|gas-and-electric-cookers|southern-foodways-alliance,s:web-blairpub-garner-book-of-barbecue|s:web-bbqjew-bob-garner|s:web-ourstate-author-bob-garner|s:web-ourstate-lexington-barbecue|s:web-ourstate-stameys|s:web-ourstate-bs-barbecue|s:web-pbs-nc-weekend-sam-jones|s:web-barbecuebros-bob-garner-2023|s:garner-flavored-by-time|s:garner-guide-to-nc-barbecue|s:garner-book-of-barbecue,cited,medium,True,2026-09-15,https://nanobotco.github.io/carolina-barbecue/person/bob-garner/
bob-melton,person,Bob Melton,R. B. Melton|Robert Melton,nc-east|nc,NC,,,,"{""role"": [""pitmaster"", ""founder""], ""state"": ""NC"", ""styles"": [""eastern-nc""]}","R. B. 'Bob' Melton (died 1958), a horse trader raised on a Nash County farm, cooked whole hogs for friends in an open pit on the Tar River at Rocky Mount, began selling barbecue there in 1922, and in 1924 built the shed that Wikipedia and UNC's North Carolina Miscellany call the state's first indoor, sit-down barbecue restaurant. He served finely chopped whole hog with a vinegar sauce, boiled potatoes, slaw, corn sticks, hushpuppies and Brunswick stew, and sent barbecue across the state by bus. Life magazine called him the King of Southern Barbecue in 1958, the year he died.",,meltons-barbecue|eastern-nc|whole-hog|boiled-potatoes|brunswick-stew|down-east|adam-scott,s:wp-meltons-barbecue|s:web-ncm-bob-melton|s:wp-whole-hog-barbecue,cited,high,False,2026-09-15,https://nanobotco.github.io/carolina-barbecue/person/bob-melton/
bum-dennis,person,Bum Dennis,Latham Dennis|Latham Wade 'Bum' Dennis,nc-east|nc,NC,,,,"{""role"": [""pitmaster"", ""founder"", ""family""], ""state"": ""NC"", ""styles"": [""eastern-nc""]}","Latham Wade 'Bum' Dennis (June 12, 1937 – December 9, 2022) opened Bum's Restaurant in downtown Ayden in 1963 with his wife Shirley and cooked whole hogs over wood coals there for the rest of his working life, with a table of vegetables beside the barbecue that few eastern pits keep. He was of the Dennis family that counts Skilton Dennis's 1830 wagon as the start of the trade, and a kinsman of Pete Jones of the Skylight Inn. His son Larry, at the pit since he was nine, runs the restaurant.",,bums-restaurant|skilton-dennis|pete-jones|skylight-inn|eastern-nc|whole-hog|southern-foodways-alliance|rien-fertel,s:sfa-bums-restaurant|s:web-ourstate-bums|s:web-legacy-latham-dennis-obituary|s:web-tanner-bum-dennis-2022,cited,medium,True,2026-09-15,https://nanobotco.github.io/carolina-barbecue/person/bum-dennis/
dennis-rogers,person,Dennis Rogers,the oracle of the holy grub,nc-east|nc,NC,,,,"{""state"": ""NC"", ""role"": [""writer""], ""styles"": [""eastern-nc""]}","Dennis Rogers (October 10, 1942 – August 8, 2020), a News & Observer columnist for more than thirty years, raised in Wilson and an Army veteran, who wrote about small-town eastern North Carolina and its soldiers and, in barbecue, spoke for the east: whole hog with vinegar and pepper and nothing else. He called himself the 'oracle of the holy grub' in a long mock war of columns with Jerry Bledsoe of Greensboro over ketchup in the sauce. His columns were collected in Home Grown (1979), Second Harvest (1981), Crossroads (1984) and It's Bad News When the Bartender Cries (1988).",,eastern-nc|vinegar-pepper-sauce|lexington-dip|lexington|jerry-bledsoe|lexington-barbecue-festival|down-east|whole-hog,s:web-wral-dennis-rogers-dies|s:web-bryan-lee-dennis-rogers-obituary|s:web-wral-rogers-new-beat-2007|s:web-openlibrary-dennis-rogers|s:web-abc-barbecue-feud|s:web-bbqjew-defining-styles|s:wp-barbecue-in-north-carolina|s:wp-lexington-barbecue-festival,cited,high,False,2026-09-15,https://nanobotco.github.io/carolina-barbecue/person/dennis-rogers/
ed-mitchell,person,Ed Mitchell,The Pitmaster|Pitmaster Ed Mitchell,nc-east|nc,NC,,,,"{""role"": [""pitmaster"", ""founder"", ""writer""], ""state"": ""NC"", ""styles"": [""eastern-nc""]}","Ed Mitchell (born 1948 or 1949) is a whole-hog pitmaster from Wilson who began cooking pigs behind his family's grocery store in the early 1990s, turned the store into Mitchell's Ribs, Chicken & Bar-B-Q, co-founded The Pit in Raleigh in 2007, and has argued for pasture-raised heritage hogs since the 2000s. The Southern Foodways Alliance recorded him in 2007; the American Royal put him in its Barbecue Hall of Fame in 2022. His book, Ed Mitchell's Barbeque, written with his son Ryan Mitchell and Zella Palmer, came out from Ecco in 2023.",,eastern-nc|whole-hog|vinegar-pepper-sauce|pig-pickin|pig-cooker|direct-heat|hickory-and-oak|southern-foodways-alliance|pitmaster|pit|pulled-pork|parkers-barbecue|campaign-for-real-barbecue,s:wp-ed-mitchell-pitmaster|s:sfa-mitchells-ribs|s:web-sfa-gravy-ed-mitchell|s:web-walter-ed-mitchell-2023|s:web-pitmaster-ed-mitchell-legend|s:web-barbecuebros-ed-mitchell-2024|s:web-truemadefoods-ed-mitchell|s:web-moss-bbq-hof-2022|s:mitchell-ed-mitchells-barbeque|s:web-truecue-wood,cited,high,True,2026-09-15,https://nanobotco.github.io/carolina-barbecue/person/ed-mitchell/
elliott-moss,person,Elliott Moss,,nc-mountains|sc-pee-dee|nc|sc,both,,,,"{""role"": [""pitmaster"", ""chef"", ""founder""], ""state"": ""both"", ""styles"": [""eastern-nc"", ""sc-pee-dee""]}","Elliott Moss is a chef and whole-hog pitmaster from Florence, in the Pee Dee of South Carolina, who grew up watching his grandfather smoke hogs, moved to Asheville in 2007 to open The Admiral, and in August 2015 opened Buxton Hall Barbecue there with Meherwan Irani's Chai Pani group, bringing wood-cooked whole hog and South Carolina hash to the mountains. He left Buxton Hall in July 2022; it closed in November 2023. In 2025 he and his wife Jennifer opened Elliott's Barbecue Lounge inside Seminar Brewing in Florence, which Southern Living named the South's best new barbecue restaurant for 2026.",,buxton-hall-barbecue|whole-hog|sc-pee-dee|eastern-nc|hash-and-rice|burn-barrel,s:web-ourstate-buxton-hall|s:web-ashevillechamber-moss-2017|s:web-chswf-elliott-moss|s:web-barbecuebros-buxton-hall-2024|s:web-ashevegas-moss-shakeup-2023|s:web-smokesheet-buxton-hall-closes|s:web-wmbf-elliotts-southern-living-2026|s:web-smokesheet-elliotts-2026,cited,high,False,2026-09-15,https://nanobotco.github.io/carolina-barbecue/person/elliott-moss/
jerry-bledsoe,person,Jerry Bledsoe,"Jerry Carroll Bledsoe|the world's leading, foremost barbecue authority",nc-piedmont|nc,NC,,,,"{""state"": ""NC"", ""role"": [""writer""], ""styles"": [""lexington""]}","Jerry Carroll Bledsoe (July 14, 1941 – December 31, 2025), a Greensboro newspaper columnist and author, born in Danville, Virginia and raised in Thomasville, who wrote for the Greensboro Daily News, later the News & Record, for twenty-three years and became a true-crime writer with Bitter Blood (1988), a number-one New York Times bestseller. In barbecue he was Lexington's man: the self-styled 'world's leading, foremost barbecue authority' in a decades-long mock war of columns with Dennis Rogers of the Raleigh News & Observer over ketchup in the sauce.",,lexington|lexington-dip|vinegar-pepper-sauce|eastern-nc|dennis-rogers|lexington-barbecue-festival|slaw,s:wp-jerry-bledsoe|s:web-assembly-bledsoe-obituary|s:web-rhinotimes-bledsoe-dies|s:web-abc-barbecue-feud|s:web-bbqjew-defining-styles|s:wp-barbecue-in-north-carolina|s:wp-lexington-barbecue-festival|s:wiktionary-slaw|s:wp-bitter-blood,cited,high,False,2026-09-15,https://nanobotco.github.io/carolina-barbecue/person/jerry-bledsoe/
jess-swicegood,person,Jess Swicegood,Jesse Swicegood,nc-piedmont|nc,NC,,,,"{""role"": [""pitmaster"", ""founder""], ""state"": ""NC"", ""styles"": [""lexington""]}","Jess Swicegood ran a barbecue stand a few yards from Sid Weaver's tent by the Lexington courthouse in the 1920s, taught Warner Stamey pit cooking alongside Weaver, and sold Stamey the business in 1938 — for $300, by Robert Moss's account — when Stamey came back from Shelby and renamed it Stamey's. Through that sale the Swicegood stand is the ancestor of Stamey's in Greensboro and, through Stamey's pupil Wayne Monk, of Lexington Barbecue. He is spelled Jess and Jesse in the sources, and no dates of birth or death are on record here.",,lexington|sid-weaver|warner-stamey|stameys-barbecue|lexington-barbecue|lexington-dip,s:web-stameys-history|s:web-americanroyal-stamey-bio|s:web-barbecuebros-jess-swicegood|s:moss-barbecue-history|s:sfa-stameys-barbecue|s:web-ourstate-lexington-barbecue|s:web-ourstate-lexington-cover-up|s:reed-holy-smoke,cited,medium,True,2026-09-15,https://nanobotco.github.io/carolina-barbecue/person/jess-swicegood/
jim-early,person,Jim Early,James Howard Early Jr.|Chef Early,nc,NC,,,,"{""state"": ""NC"", ""role"": [""founder"", ""organizer"", ""writer"", ""cook""], ""styles"": [""eastern-nc"", ""lexington""]}","James Howard Early Jr. (1939–2021), a Winston-Salem lawyer and cook who founded the North Carolina Barbecue Society in 2006 and led it until his death. His self-published guide, The Best Tar Heel Barbecue: Manteo to Murphy (2002), came out of a search through all hundred counties for pits still cooking pork over wood coals; the society's Historic Barbecue Trail is that list under rules he wrote — wood or charcoal on grates, a house sauce, fifteen years' cooking, no more than two stops in a town.",,north-carolina-barbecue-society|gas-and-electric-cookers|hickory-and-oak|brick-pit|whole-hog|skylight-inn|wilbers-barbecue|bs-barbecue|bums-restaurant|stephensons-bar-b-q|allen-and-son|stameys-barbecue|short-sugars|bar-b-q-center|red-bridges-barbecue-lodge|lexington-barbecue-festival|eastern-nc|lexington,s:wp-north-carolina-barbecue-society|s:web-wral-jim-early-dies|s:web-legacy-jim-early-obituary|s:web-ourstate-historic-barbecue-trail|s:web-tanner-nc-hall-of-fame|s:early-best-tar-heel-barbecue|s:ncbs,cited,high,False,2026-09-15,https://nanobotco.github.io/carolina-barbecue/person/jim-early/
joe-bessinger,person,Joe Bessinger,Joseph Jacob Bessinger|Big Joe Bessinger|Joseph Bessinger Sr.,sc-midlands|sc,SC,,,,"{""role"": [""founder"", ""sauce-maker"", ""family""], ""state"": ""SC"", ""styles"": [""sc-mustard""]}","Joseph Jacob 'Big Joe' Bessinger, a farmer from Orangeburg County, traded the family cow, a mule and fifty dollars for a cafe in Holly Hill and opened it in 1939 serving pork with a mustard-based sauce — the Golden Secret, his family calls it, worked out with the Sweatman family on shared German roots. Five of his sons opened barbecue restaurants on it: Maurice and Joe Jr. at West Columbia in 1953, Melvin and Thomas in Charleston from 1955, and, by two accounts, Robert. Some name him the inventor of South Carolina's mustard sauce; the evidence names no one.",,maurice-bessinger|maurices-piggie-park|bessingers-bar-b-q|sweatmans-bar-b-que|mustard-sauce|sc-mustard|carolina-gold|dutch-fork,s:web-melvins-our-story|s:web-piggiepark-history|s:web-sfa-melvins-legendary-bar-b-q|s:web-city-paper-dukes-2011|s:web-southernflavor-melvins-2023|s:web-westof-yellow-sauce-road|s:web-destination-bbq-southern-gold|s:web-legacy-maurice-bessinger-obituary|s:web-wis-maurice-bessinger-dies-2014|s:web-live5-thomas-bessinger-2023|s:web-baltimore-sun-bessinger-2002|s:web-seattle-times-piggie-park-2002|s:wp-maurice-bessinger|s:wp-barbecue-in-south-carolina,cited,medium,True,2026-09-15,https://nanobotco.github.io/carolina-barbecue/person/joe-bessinger/
john-shelton-reed,person,John Shelton Reed,Éminence Grease|Eminence Grease|J. S. Reed,nc,NC,,,,"{""state"": ""NC"", ""role"": [""scholar"", ""writer"", ""organizer""], ""styles"": [""eastern-nc"", ""lexington""]}","A sociologist of the American South, born 1942, who taught at the University of North Carolina at Chapel Hill from 1969 until 2000 and retired as William Rand Kenan Jr. Professor. With his wife Dale Volberg Reed and William McKinney he wrote Holy Smoke: The Big Book of North Carolina Barbecue (UNC Press, 2008); alone, Barbecue: A Savor the South Cookbook (2016) and On Barbecue (2021). In 2013 he and Dan Levine founded the Campaign for Real Barbecue, which certifies restaurants that cook their local style over wood alone. He lives in Chapel Hill.",,campaign-for-real-barbecue|southern-foodways-alliance|gas-and-electric-cookers|hickory-and-oak|wilbers-barbecue|wilber-shirley|allen-and-son|eastern-nc|lexington|fundraiser-barbecue|robert-moss|rien-fertel|barbecue,s:wp-john-shelton-reed|s:reed-holy-smoke|s:reed-savor-the-south|s:reed-on-barbecue|s:web-truecue-about|s:web-barbecuebible-campaign|s:web-uncpress-reed-myth|s:web-sfa-north-carolina-bbq|s:web-uncpress-wilber-shirley|s:web-uncpress-keith-allen|s:web-johnshelton-books|s:web-rienfertel-onetruebarbecue|s:true-cue,cited,high,False,2026-09-15,https://nanobotco.github.io/carolina-barbecue/person/john-shelton-reed/
lake-high,person,Lake High,Lake E. High Jr.|Lake Edward High Jr.,sc|sc-midlands,SC,,,,"{""state"": ""SC"", ""role"": [""founder"", ""organizer"", ""writer""], ""styles"": [""sc-mustard"", ""sc-pee-dee"", ""sc-light-tomato"", ""sc-heavy-tomato""]}","Lake E. High Jr. of Columbia, a wine judge and, in his own account, a born critic, who founded the South Carolina Barbeque Association with the psychologist Walter Rolandi in 2004 to train judges and promote the state's barbecue, and wrote its history: A History of South Carolina Barbeque (The History Press, 2013). His account gives South Carolina all four of the barbecue sauces he counts — vinegar-and-pepper, mustard, light tomato and heavy tomato — each with a region and a date, and the association publishes them as a map.",,south-carolina-barbeque-association|sc-mustard|sc-pee-dee|sc-light-tomato|sc-heavy-tomato|mustard-sauce|vinegar-pepper-sauce|light-tomato-sauce|heavy-tomato-sauce|carolina-gold|dutch-fork|robert-moss,s:web-scliving-guru-of-que|s:web-scba-about|s:web-scba-bbq-history|s:web-google-books-high-sc-barbeque|s:web-columbia-star-scba-leadership|s:high-sc-barbeque|s:scba|s:wp-barbecue-in-south-carolina|s:wp-dutch-fork,cited,medium,True,2026-09-15,https://nanobotco.github.io/carolina-barbecue/person/lake-high/
maurice-bessinger,person,Maurice Bessinger,Lloyd Maurice Bessinger Sr.|L. Maurice Bessinger,sc-midlands|sc,SC,,,,"{""role"": [""founder"", ""sauce-maker""], ""state"": ""SC"", ""styles"": [""sc-mustard""]}","Lloyd Maurice Bessinger Sr. (July 14, 1930 – February 22, 2014) opened Maurice's Piggie Park, a drive-in, in West Columbia in 1953 with his brother Joe Jr., built it into a chain, and bottled his father's mustard sauce as Carolina Gold for supermarkets nationwide. He refused Black customers until the suit that became Newman v. Piggie Park Enterprises (1968), ran for the legislature in 1964 and for governor in 1974, and raised the Confederate flag over his restaurants on July 1, 2000, the day it came off the State House dome. His children took the last flags down in 2013.",,maurices-piggie-park|joe-bessinger|mustard-sauce|carolina-gold|sc-mustard|bessingers-bar-b-q|political-barbecue,s:wp-maurice-bessinger|s:wp-newman-v-piggie-park-enterprises-inc|s:wp-barbecue-in-south-carolina|s:web-wis-maurice-bessinger-dies-2014|s:web-legacy-maurice-bessinger-obituary|s:web-piggiepark-history|s:web-baltimore-sun-bessinger-2002|s:web-seattle-times-piggie-park-2002,cited,high,False,2026-09-15,https://nanobotco.github.io/carolina-barbecue/person/maurice-bessinger/
pete-jones,person,Pete Jones,Walter B. Jones|Walter B. 'Pete' Jones,nc-east|nc,NC,,,,"{""role"": [""pitmaster"", ""founder""], ""state"": ""NC"", ""styles"": [""eastern-nc""]}","Walter B. 'Pete' Jones (died 2006) opened the Skylight Inn in Ayden, Pitt County, in the summer of 1947 — at seventeen by his family's count, eighteen by Wikipedia's — and cooked whole hogs over wood coals there for nearly sixty years. He learned the trade at his uncle Emmitt Dennis's City Cafe, counted his barbecue back to a Dennis ancestor's wagon, and put a copy of the U.S. Capitol dome on his roof after National Geographic called the place the barbecue capital of the world. The James Beard Foundation made the restaurant an America's Classic in 2003.",,skylight-inn|sam-jones|skilton-dennis|bum-dennis|eastern-nc|whole-hog|sam-jones-bbq|campaign-for-real-barbecue|pitmaster|bob-garner,s:wp-skylight-inn-bbq|s:web-skylightinn-about|s:web-ourstate-skylight-inn|s:sfa-skylight-inn|s:web-gardenandgun-sam-jones-2019|s:web-samjonesbbq|s:web-truecue-wood,cited,high,True,2026-09-15,https://nanobotco.github.io/carolina-barbecue/person/pete-jones/
rien-fertel,person,Rien Fertel,Rien T. Fertel,us-south|carolinas,,,,,"{""role"": [""writer"", ""scholar""], ""styles"": [""eastern-nc"", ""sc-pee-dee""]}","A New Orleans writer and historian — a Tulane doctorate in history, 2013 — who recorded the Southern Foodways Alliance's barbecue oral histories in North Carolina in 2011 and South Carolina in 2012, then spent five years following the whole-hog pitmasters of Tennessee and the Carolinas for The One True Barbecue (Touchstone, 2016): part travelogue, part memoir, about the cooks who fire, flip and chop 200-pound pigs in smoke-filled pit houses, from Rodney Scott of Hemingway and Sam Jones of Ayden to Ricky Parker of Lexington, Tennessee.",,southern-foodways-alliance|whole-hog|skylight-inn|sam-jones|scotts-bar-b-que|rodney-scott|wilbers-barbecue|sweatmans-bar-b-que|bums-restaurant|gradys-barbecue|parkers-barbecue|clyde-coopers|stameys-barbecue|red-bridges-barbecue-lodge|short-sugars|cooks-barbecue|bar-b-q-center|dukes-bar-b-que|coopers-country-store|midway-bbq|jackie-hites-bar-b-q|browns-bar-b-que|buxton-hall-barbecue|elliott-moss|eastern-nc|sc-pee-dee|john-shelton-reed|robert-moss,s:web-rienfertel-about|s:web-rienfertel-onetruebarbecue|s:fertel-one-true-barbecue|s:web-southernliving-quest-one-true-barbecue|s:web-barbecuebros-one-true-barbecue|s:web-wunc-one-true-barbecue|s:web-bpr-one-true-barbecue|s:sfa-skylight-inn|s:sfa-north-carolina-bbq|s:sfa-gradys-barbecue|s:sfa-parkers-barbecue|s:sfa-bums-restaurant|s:sfa-clyde-coopers-barbecue|s:sfa-stameys-barbecue|s:sfa-red-bridges-barbecue-lodge|s:sfa-short-sugars-pit-bar-b-q|s:sfa-cooks-barbecue|s:sfa-barbecue-center|s:web-sfa-scotts-bar-b-que|s:web-sfa-sweatmans-bar-b-que|s:web-sfa-dukes-bar-b-que|s:web-sfa-coopers-country-store|s:web-sfa-midway-bbq|s:web-sfa-jackie-hites-bar-b-q|s:web-sfa-browns-bar-b-q|s:web-sfa-melvins-legendary-bar-b-q|s:wp-rodney-scott-pitmaster,cited,high,False,2026-09-15,https://nanobotco.github.io/carolina-barbecue/person/rien-fertel/
robert-moss,person,Robert F. Moss,Robert Moss|Robert F. Moss,sc|sc-lowcountry,SC,,,,"{""state"": ""SC"", ""role"": [""writer"", ""scholar""], ""styles"": [""sc-mustard"", ""sc-pee-dee""]}","A food writer and historian in Charleston — a Furman graduate with a doctorate in English from the University of South Carolina — who is contributing barbecue editor for Southern Living and was restaurant critic for the Post and Courier. Barbecue: The History of an American Institution (University of Alabama Press, 2010; revised and expanded 2020) is a documentary history of the subject built from newspapers, letters, diaries and travel narratives; Barbecue Lover's the Carolinas (2015) is his guide to both states. He counts South Carolina's sauces as two, mustard and vinegar, where the state's association counts four.",,barbecue|political-barbecue|whole-hog|hash-and-rice|hushpuppies|sweet-tea|sc-mustard|sc-pee-dee|sc-light-tomato|light-tomato-sauce|cannons-bbq|south-carolina-barbeque-association|lake-high|campaign-for-real-barbecue|john-shelton-reed|rien-fertel,s:web-robertfmoss-about|s:web-robertfmoss-revised-expanded|s:web-uapress-barbecue-revised|s:moss-barbecue-history|s:moss-barbecue-lovers-carolinas|s:web-moss-hash-and-rice|s:web-moss-hushpuppies|s:web-moss-sweet-tea-summerville|s:web-uncpress-reed-myth|s:web-southernliving-quest-one-true-barbecue|s:wp-barbecue-in-south-carolina|s:wp-whole-hog-barbecue,cited,high,False,2026-09-15,https://nanobotco.github.io/carolina-barbecue/person/robert-moss/
rodney-scott,person,Rodney Scott,Pitmaster Scott,sc-pee-dee|sc-lowcountry|sc,SC,,,,"{""role"": [""pitmaster"", ""founder"", ""chef"", ""writer""], ""state"": ""SC"", ""styles"": [""sc-pee-dee""]}","Rodney Scott (born November 1, 1971) is a whole-hog pitmaster from Hemingway, in the Pee Dee of South Carolina, who cooked his first pig at eleven at his parents' store, took the business over in 2011, and in February 2017 opened Rodney Scott's Whole Hog BBQ in Charleston with Nick Pihakis. In 2018 the James Beard Foundation named him Best Chef: Southeast, the second pitmaster to win a Beard chef award. His book with Lolis Eric Elie, Rodney Scott's World of BBQ, came out in 2021. Every Rodney Scott's location closed in May 2026; he cooks pop-ups as Pitmaster Scott.",,scotts-bar-b-que|rodney-scotts-whole-hog-bbq|sc-pee-dee|whole-hog|vinegar-pepper-sauce|burn-barrel|southern-foodways-alliance|rien-fertel|pitmaster|campaign-for-real-barbecue,s:wp-rodney-scott-pitmaster|s:wp-rodney-scotts-whole-hog-bbq|s:wp-scotts-variety-store-and-bar-b-q|s:web-sfa-scotts-bar-b-que|s:web-npr-pit-burned-down-2014|s:web-jamesbeard-2018-winners|s:web-live5-rodney-scotts-close-2026|s:web-city-paper-rodney-scotts-closed-2026|s:web-cooter-soup-rodney-scott-back-2026|s:web-abc4-rodney-scott-paird-2026|s:web-carolina-trust-roosevelt-scott-2020|s:scott-world-of-bbq|s:web-truecue-wood,cited,high,True,2026-09-15,https://nanobotco.github.io/carolina-barbecue/person/rodney-scott/
sam-jones,person,Sam Jones,Samuel Jones,nc-east|nc,NC,,,,"{""role"": [""pitmaster"", ""founder"", ""family"", ""writer""], ""state"": ""NC"", ""styles"": [""eastern-nc""]}","Samuel 'Sam' Jones is the grandson of Pete Jones and a third-generation pitmaster of the Skylight Inn in Ayden, where he sold chopped pork as a child. With Michael Letchworth he opened Sam Jones BBQ in Winterville on November 10, 2015, and a second restaurant in Raleigh in February 2021. His book with Daniel Vaughn, Whole Hog BBQ: The Gospel of Carolina Barbecue (2019), writes the family method down. He was a James Beard semifinalist for Best Chef: Southeast in 2018, and Sam Jones BBQ holds a Michelin Bib Gourmand from the first Michelin Guide American South (2025).",,skylight-inn|sam-jones-bbq|pete-jones|skilton-dennis|eastern-nc|whole-hog|southern-foodways-alliance|rien-fertel|pitmaster,s:sfa-skylight-inn|s:web-samjonesbbq|s:web-southernsmoke-sam-jones|s:web-gardenandgun-sam-jones-2019|s:web-hoodline-sam-jones-morgan-street-2026|s:web-visitraleigh-sam-jones|s:jones-whole-hog-bbq|s:wp-skylight-inn-bbq,cited,high,False,2026-09-15,https://nanobotco.github.io/carolina-barbecue/person/sam-jones/
sid-weaver,person,Sid Weaver,,nc-piedmont|nc,NC,,,,"{""role"": [""pitmaster"", ""founder""], ""state"": ""NC"", ""styles"": [""lexington""]}","Sid Weaver sold barbecue from a tent across from the Davidson County courthouse in Lexington from 1919 — cooked in the alley behind, sold to people on their way to court — and is the first name in every account of Lexington-style barbecue. Jess Swicegood set up beside him within the decade; the two taught Warner Stamey, and Weaver's hand Alton Beck built the town's first permanent barbecue restaurant in 1938. What is known of him is the tent, the date, the pupils and the sauce that came out of those stands: vinegar and pepper with ketchup, the Piedmont's dip.",,lexington|jess-swicegood|warner-stamey|lexington-dip|stameys-barbecue|lexington-barbecue|lexington-barbecue-festival,s:web-ourstate-lexington-cover-up|s:web-stameys-history|s:web-americanroyal-stamey-bio|s:web-barbecuebros-jess-swicegood|s:moss-barbecue-history|s:sfa-stameys-barbecue|s:wp-lexington-north-carolina|s:wp-lexington-barbecue-festival|s:reed-holy-smoke,cited,medium,True,2026-09-15,https://nanobotco.github.io/carolina-barbecue/person/sid-weaver/
skilton-dennis,person,Skilton Dennis,Skilton M. Dennis,nc-east|nc,NC,,,,"{""role"": [""cook"", ""family""], ""state"": ""NC"", ""styles"": [""eastern-nc""]}","Skilton Dennis is the ancestor the Dennis and Jones families of Ayden name as the start of barbecue for sale in North Carolina: by their account he sold smoked hog meat and cornbread from a wagon in 1830, and Otter Dennis, of the same family, founded the town. The 1830 is painted on the Skylight Inn's billboard as one of its four tenets and was recorded from Bum and Larry Dennis by the Southern Foodways Alliance; Bob Garner's 2012 profile of Pete Jones puts the covered wagon in the mid-1800s. No document has been produced.",,skylight-inn|bums-restaurant|pete-jones|bum-dennis|sam-jones|eastern-nc,s:sfa-bums-restaurant|s:sfa-skylight-inn|s:wp-skylight-inn-bbq|s:web-ourstate-skylight-inn|s:web-tanner-bum-dennis-2022|s:wp-ayden-north-carolina|s:jones-whole-hog-bbq|s:fertel-one-true-barbecue,tradition,low,True,2026-09-15,https://nanobotco.github.io/carolina-barbecue/person/skilton-dennis/
warner-stamey,person,Warner Stamey,Charles Warner Stamey|C. Warner Stamey,nc-piedmont|nc,NC,,,,"{""role"": [""pitmaster"", ""founder""], ""state"": ""NC"", ""styles"": [""lexington""]}","Charles Warner Stamey (born 1911), the youngest of eleven children, learned pit-cooking as a high-school boarder in Lexington from Jess Swicegood and Sid Weaver at their tents across from the courthouse, sold barbecue in Shelby through the 1930s, came back in 1938 to buy Swicegood's stand and rename it Stamey's, and in 1953 opened the Greensboro drive-in his family runs. His restaurant credits him with putting hushpuppies beside barbecue in North Carolina. Wayne Monk, Red Bridges and his brother-in-law Alston Bridges learned under him; the American Royal made him a legacy inductee of its Barbecue Hall of Fame in 2020.",,stameys-barbecue|lexington-barbecue|red-bridges-barbecue-lodge|lexington|jess-swicegood|sid-weaver|wayne-monk|hushpuppies|lexington-dip|dip|pork-shoulder|southern-foodways-alliance,s:web-stameys-history|s:web-americanroyal-stamey-bio|s:sfa-stameys-barbecue|s:web-clevelandcounty-food|s:web-ourstate-stameys|s:web-ourstate-lexington-barbecue|s:web-barbecuebros-jess-swicegood|s:web-moss-hushpuppies|s:moss-barbecue-history,cited,high,True,2026-09-15,https://nanobotco.github.io/carolina-barbecue/person/warner-stamey/
wayne-monk,person,Wayne Monk,Honeymonk,nc-piedmont|nc,NC,,,,"{""role"": [""pitmaster"", ""founder""], ""state"": ""NC"", ""styles"": [""lexington""]}","Wayne Monk opened Lexington Barbecue beside U.S. 29/70 in Lexington, Davidson County, in 1962, at twenty-six, after years as a carhop and then a pit hand under Warner Stamey, and he owns it with his son Rick. The pit cooks pork shoulders over oak and hickory coals and serves them with the dip, the Piedmont's thin red vinegar sauce; locals call it the Honeymonk, from his name and his early partner Sonny Hunneycutt's. He cooked for the heads of government at the 1983 economic summit in Williamsburg, and the James Beard Foundation named the restaurant an America's Classic in 2003.",,lexington-barbecue|lexington|warner-stamey|stameys-barbecue|jess-swicegood|sid-weaver|lexington-dip|pork-shoulder|brick-pit|outside-brown|pitmaster|bob-garner,s:web-lexbbq-about|s:web-ourstate-lexington-barbecue|s:web-davidsonlocal-wayne-monk|s:web-adrianmiller-bbq-hof-2019|s:web-gardenandgun-keepers-of-the-flame|s:wp-lexington-barbecue|s:web-stameys-history|s:wp-skylight-inn-bbq,cited,medium,True,2026-09-15,https://nanobotco.github.io/carolina-barbecue/person/wayne-monk/
wilber-shirley,person,Wilber Shirley,Wilberdean Shirley|Wilberdean 'Wilber' Shirley,nc-east|nc,NC,,,,"{""role"": [""pitmaster"", ""founder""], ""state"": ""NC"", ""styles"": [""eastern-nc""]}","Wilberdean 'Wilber' Shirley (1930–2021) learned barbecue at Griffin's in Goldsboro, bought the former Hill's Barbecue on U.S. 70 east of town in 1962 and put his name on it, and cooked split whole hogs over oak coals there for more than forty years. Wilber's fed presidents, governors and senators and, on a holiday weekend, up to 130 pigs. It closed in March 2019 over unpaid taxes; a group of customers bought it and reopened it in July 2020, while he lived. He died on April 5, 2021, at ninety.",,wilbers-barbecue|eastern-nc|whole-hog|hickory-and-oak|john-shelton-reed|campaign-for-real-barbecue|scotts-famous-barbecue|adam-scott,s:web-wral-wilber-shirley-dies|s:web-uncpress-wilber-shirley|s:reed-holy-smoke|s:web-ourstate-wilbers-way|s:web-ourstate-wilbers|s:web-wral-wilbers-reopens|s:web-gardenandgun-wilbers|s:web-wilbersbbq|s:web-truecue-wood,cited,high,False,2026-09-15,https://nanobotco.github.io/carolina-barbecue/person/wilber-shirley/
campaign-for-real-barbecue,org,Campaign for Real Barbecue,True 'Cue|True Cue|the Campaign|True 'Cue USA,nc|sc|us-south,both,,,,"{""state"": ""both"", ""founded"": ""2013"", ""status"": ""open""}","A campaign, founded in 2013 by the sociologist and barbecue writer John Shelton Reed and the blogger Dan Levine, that certifies restaurants which cook the barbecue style traditional to their area and rely solely on wood for heat, and gives them a certificate and a decal. It began in North Carolina — about seventy places certified by January 2018 — and has regional 'smoke detectors' for South Carolina, Kentucky, Georgia, Alabama and the Virginia–Washington region under a True 'Cue USA program. Its three stated goals are to celebrate wood-cooking, to honor the places that keep it, and to teach eaters the difference between wood-cooked barbecue and what it calls 'faux 'cue'.",,john-shelton-reed|gas-and-electric-cookers|hickory-and-oak|direct-heat|north-carolina-barbecue-society|skylight-inn|pete-jones|rodney-scott|wilber-shirley|robert-moss|eastern-nc|lexington,s:true-cue|s:web-truecue-about|s:web-truecue-wood|s:web-barbecuebible-campaign|s:web-uncpress-reed-myth|s:reed-holy-smoke,cited,high,False,2026-09-15,https://nanobotco.github.io/carolina-barbecue/org/campaign-for-real-barbecue/
north-carolina-barbecue-society,org,North Carolina Barbecue Society,NCBS|NC Barbecue Society|the Society,nc,NC,,,,"{""state"": ""NC"", ""founded"": ""2006"", ""status"": ""unknown""}","A non-profit founded in 2006 in Winston-Salem by Jim Early, a lawyer and cook, to promote North Carolina's barbecue culture and, in its own words, to secure the state's place as the Barbecue Capital of the World. Its lasting work is the Historic Barbecue Trail: a route of about two dozen restaurants, some 700 miles end to end, admitted only if the meat cooks on grates over pits with wood or charcoal, the owners make their own sauce, the pits have run fifteen consecutive years, and no town has more than two. Early wrote the guidebook, The Best Tar Heel Barbecue: Manteo to Murphy, and the society ran two-day cooking boot camps three times a year.",,jim-early|campaign-for-real-barbecue|lexington-barbecue-festival|hickory-and-oak|gas-and-electric-cookers|brick-pit|skylight-inn|wilbers-barbecue|bs-barbecue|allen-and-son|stameys-barbecue|short-sugars|bar-b-q-center|red-bridges-barbecue-lodge|eastern-nc|lexington,s:wp-north-carolina-barbecue-society|s:web-ourstate-historic-barbecue-trail|s:web-wral-jim-early-dies|s:web-legacy-jim-early-obituary|s:web-tanner-nc-hall-of-fame|s:early-best-tar-heel-barbecue|s:ncbs,cited,medium,True,2026-09-15,https://nanobotco.github.io/carolina-barbecue/org/north-carolina-barbecue-society/
south-carolina-barbeque-association,org,South Carolina Barbeque Association,SCBA|SC Barbeque Association|South Carolina Barbecue Association,sc,SC,,,,"{""state"": ""SC"", ""founded"": ""2004"", ""status"": ""open""}","A judging body and booster founded in 2004 by Lake E. High Jr., a wine judge, and Walter Rolandi, a psychologist, 'to train the best BBQ judges in the world and to preserve and promote the unique nature of South Carolina Barbecue'. It runs judging seminars in Columbia that turn eaters into certified judges — more than 800 by 2015 — sanctions cook-offs across the state, eight of them listed between September 12 and October 24, 2026, and keeps a points championship for the teams. Its account of the state's barbecue is Lake High's: South Carolina as the home of all four sauces — mustard, vinegar-pepper, light tomato and heavy tomato — mapped by region.",,lake-high|sc-mustard|sc-pee-dee|sc-light-tomato|sc-heavy-tomato|mustard-sauce|vinegar-pepper-sauce|light-tomato-sauce|heavy-tomato-sauce|carolina-gold|robert-moss|north-carolina-barbecue-society|festival-of-discovery|fundraiser-barbecue,s:web-scba-about|s:web-scba-bbq-history|s:web-scliving-guru-of-que|s:web-columbia-star-scba-leadership|s:scba|s:high-sc-barbeque|s:wp-barbecue-in-south-carolina,cited,high,False,2026-09-15,https://nanobotco.github.io/carolina-barbecue/org/south-carolina-barbeque-association/
southern-foodways-alliance,org,Southern Foodways Alliance,SFA,us-south|carolinas,us,,,,"{""founded"": ""1999"", ""status"": ""open"", ""state"": ""us""}","An institute of the Center for the Study of Southern Culture at the University of Mississippi, founded in 1999 and directed since then by John T. Edge, that documents the food of the South: oral histories, films, writing, awards and events, funded by about 800 members. For the Carolinas its work is the Southern BBQ Trail, an oral-history project begun in February 2011 across nine states, whose North Carolina set includes the Skylight Inn, Parker's, Grady's, B's, Bum's, Stamey's, Short Sugar's, Red Bridges, Cook's, Clyde Cooper's, the Barbecue Center and Ed Mitchell, and whose South Carolina set holds eight interviews: Sweatman's, Scott's, Midway, Jackie Hite's, Dukes, Cooper's Country Store, Brown's and Melvin's. Each interview is a transcript with audio, free online.",,rien-fertel|john-shelton-reed|rodney-scott|sam-jones|ed-mitchell|skylight-inn|parkers-barbecue|gradys-barbecue|bs-barbecue|bums-restaurant|stameys-barbecue|short-sugars|red-bridges-barbecue-lodge|cooks-barbecue|clyde-coopers|bar-b-q-center|sweatmans-bar-b-que|scotts-bar-b-que|midway-bbq|jackie-hites-bar-b-q|dukes-bar-b-que|coopers-country-store|browns-bar-b-que,s:wp-southern-foodways-alliance|s:web-sfa-southern-bbq-trail|s:web-sfa-north-carolina-bbq|s:web-sfa-south-carolina-bbq|s:sfa-oral-histories|s:wp-rodney-scott-pitmaster|s:fertel-one-true-barbecue|s:reed-holy-smoke,cited,high,False,2026-09-15,https://nanobotco.github.io/carolina-barbecue/org/southern-foodways-alliance/
festival-of-discovery,event,South Carolina Festival of Discovery,Festival of Discovery|SC Festival of Discovery|Greenwood BBQ and Blues Festival of Discovery,sc-upstate|sc,SC,Greenwood,34.1904,-82.1605,"{""state"": ""SC"", ""when"": ""July, second weekend, Thursday to Saturday; July 9–11, 2026"", ""founded"": ""2000"", ""status"": ""open""}","A three-day barbecue-and-blues festival in Uptown Greenwood each July — Thursday to Saturday of the second weekend; July 9 to 11 in 2026 — hosted by the Uptown Greenwood Development Corporation. Its cook-off is sanctioned by the Kansas City Barbeque Society, the national competition body, and is billed as a South Carolina state championship with a Black Kettle hash competition beside it; the barbecue vendors fill the Main Street parking lot between Court and Seaboard avenues, and the Blues Cruise puts bands in restaurants and venues around the uptown into the night. The organizers billed 2026 as the twenty-fifth anniversary; press accounts date the first festival to 2000.",,hash-and-rice|south-carolina-barbeque-association|lexington-barbecue-festival|fundraiser-barbecue,s:web-festivalofdiscovery|s:web-discovergreenwood-festival|s:web-drugstoredivas-festival-of-discovery|s:osm,cited,medium,True,2026-09-15,https://nanobotco.github.io/carolina-barbecue/event/festival-of-discovery/
fundraiser-barbecue,event,fundraiser barbecue,plate sale|barbecue plate sale|church barbecue|fire department barbecue|hash sale|BBQ fundraiser,carolinas,both,,,,"{""state"": ""both"", ""when"": ""Saturdays; spring and fall"", ""status"": ""open""}","The plate sale: a church, a volunteer fire department, a Ruritan club or a scout troop cooks pork — a whole hog or a stack of butts — and sells it by the plate on a Saturday to pay for a roof, a truck or a mission. In eastern North Carolina the plate is barbecue or barbecue chicken with slaw and bread; Back Swamp Volunteer Fire Department in Richlands sold pork or chicken plates for $10 on April 18, 2026, from 11 a.m. until the food ran out. In South Carolina the same money is often raised on hash: the Highway 34 Volunteer Fire Department outside Ninety Six cooks it in cast-iron pots and sells it by the quart to neighbors who read the notice in the paper and phone in an order.",,mallard-creek-barbecue|hillsborough-hog-day|political-barbecue|pig-pickin|pig-cooker|block-pit|hash-and-rice|barbecue-chicken|brunswick-stew|slaw|south-carolina-barbeque-association|whole-hog|pork-shoulder,s:wp-whole-hog-barbecue|s:web-sfa-north-carolina-bbq|s:web-mallard-creek-history|s:web-ourstate-mallard-creek|s:web-wfae-mallard-creek-ends|s:web-mallard-creek-annual-barbecue|s:web-wral-hog-day-canceled|s:web-chapelboro-hog-day-returns-2014|s:web-dailytarheel-hog-day-2025|s:web-wcti-back-swamp-vfd|s:web-knowitall-hwy-34-vfd|s:wp-hash-stew|s:scba,cited,high,False,2026-09-15,https://nanobotco.github.io/carolina-barbecue/event/fundraiser-barbecue/
hillsborough-hog-day,event,Hillsborough Hog Day,Hog Day|Hog Day Festival|Hillsborough Hog Day Festival,nc-piedmont|nc,NC,Hillsborough,36.073,-79.0984,"{""state"": ""NC"", ""when"": ""a weekend in September (June until 2014)"", ""founded"": ""1983"", ""status"": ""open""}","A two-day barbecue festival and cook-off at River Park in downtown Hillsborough, Orange County, held since 1983 — the oldest continuing barbecue festival in North Carolina, by the Daily Tar Heel's account — and run since 2014 by the Orange County Optimist Club as a fundraiser for children's programs. A Friday evening opens it; Saturday brings the cook-off, live music, a car show, a fun run and the Pigs on Parade. In 2019 the count was 27 cooking teams, more than 100 vendors and a collective three tons of barbecue; the 2025 festival, September 13 and 14, came two months after Tropical Storm Chantal flooded the Eno riverfront and lost its 5K to the water.",,fundraiser-barbecue|lexington-barbecue-festival|allen-and-son|pig-cooker,s:web-dailytarheel-hog-day-2025|s:web-wral-hog-day-canceled|s:web-chapelboro-hog-day-returns-2014|s:web-chapelboro-hog-day-2016|s:web-chapelboro-hog-day-2019|s:web-hogday-org|s:web-ourstate-historic-barbecue-trail|s:osm,cited,medium,True,2026-09-15,https://nanobotco.github.io/carolina-barbecue/event/hillsborough-hog-day/
lexington-barbecue-festival,event,Lexington Barbecue Festival,the Barbecue Festival|Lexington BBQ Festival,nc-piedmont|nc,NC,Lexington,35.8261,-80.251,"{""state"": ""NC"", ""when"": ""one Saturday in October; October 24, 2026"", ""founded"": ""1984"", ""status"": ""open"", ""styles"": [""lexington""]}","A one-day street festival on Main Street in uptown Lexington, Davidson County, each October since 1984, built on the town's pork-shoulder barbecue: up to twenty area restaurants cook and sell, several blocks close to traffic, and hundreds of other vendors sell crafts and fudge around them. Wikipedia's article says it draws as many as 200,000 people; the first festival drew 30,000 and 3,000 pounds of barbecue, and by 1994 the count was over 100,000 and 11,000 pounds. Since 2007 it holds a title from the General Assembly — Official Food Festival of the Piedmont Triad Region of the State of North Carolina. The 2026 festival is planned for October 24.",,lexington|lexington-dip|red-slaw|hushpuppies|pork-shoulder|whole-hog|eastern-nc|jerry-bledsoe|dennis-rogers|north-carolina-barbecue-society|bar-b-q-center|political-barbecue|hillsborough-hog-day,s:wp-lexington-barbecue-festival|s:wp-barbecue-in-north-carolina|s:wp-lexington-north-carolina|s:wp-barbecue-in-the-united-states|s:wp-north-carolina-barbecue-society|s:osm,cited,high,False,2026-09-15,https://nanobotco.github.io/carolina-barbecue/event/lexington-barbecue-festival/
mallard-creek-barbecue,event,Mallard Creek Barbecue,Mallard Creek Presbyterian Church Barbecue|the Mallard Creek BBQ|the granddaddy of barbecues,nc-piedmont|nc,NC,Charlotte,35.3345,-80.7497,"{""state"": ""NC"", ""when"": ""fourth Thursday of October"", ""founded"": ""1929"", ""status"": ""closed"", ""styles"": [""eastern-nc""]}","The one-day church barbecue of Mallard Creek Presbyterian Church in northeast Charlotte, held on the fourth Thursday of October from 1929 to 2024 and retired in 2025 after ninety-three editions. It sold hickory-smoked chopped pork, Brunswick stew and the church's own slaw by the plate, sandwich, pound and quart — dine-in, drive-through and carry-out; a plate was $15 and a sandwich $7 in 2024 — and it was one of North Carolina's best-known political stops: a rope line in the parking field where candidates for every office from vice-president to dog catcher worked the crowd in the last weeks before an election.",,fundraiser-barbecue|political-barbecue|pork-shoulder|whole-hog|brunswick-stew|slaw|vinegar-pepper-sauce|eastern-nc|hickory-and-oak|block-pit|pig-cooker|barbecue-sandwich,s:web-mallard-creek-history|s:web-mallard-creek-annual-barbecue|s:web-ourstate-mallard-creek|s:web-wfae-mallard-creek-ends|s:web-wbtv-mallard-creek-canceled|s:web-spectrum-mallard-creek-ending|s:osm,cited,high,False,2026-09-15,https://nanobotco.github.io/carolina-barbecue/event/mallard-creek-barbecue/
pig-pickin,event,pig pickin',pig picking|pig pickin|pig pull|rolling a pig|hog roast,nc-east|sc-pee-dee|carolinas,both,,,,"{""state"": ""both"", ""when"": ""any month; homecomings, tailgates, weddings, rallies"", ""status"": ""open"", ""styles"": [""eastern-nc"", ""sc-pee-dee""]}","A party at which a whole hog is cooked for the crowd and the crowd eats it off the pig — picked by hand from the split carcass, or chopped on a block beside it. A barrow, a castrated male, or a gilt of about 80 to 120 pounds dressed weight is split and laid on a large charcoal or propane cooker for four to eight hours, under the direction of the host and whoever is helping; the meat is basted or dressed in the local sauce and served with slaw, hush puppies, baked beans, Brunswick stew or, in South Carolina, hash and rice. It is the eastern Carolinas' form of the wedding, the homecoming, the tailgate, the political rally and the fire-department fundraiser.","pig + pickin' (picking): the guests pick the meat off the cooked hog with their hands, and the gathering takes its name from the act",whole-hog|pig-cooker|block-pit|eastern-nc|sc-pee-dee|vinegar-pepper-sauce|mustard-sauce|hash-and-rice|brunswick-stew|hushpuppies|slaw|sweet-tea|pork-skins|political-barbecue|fundraiser-barbecue|hog-killing|ed-mitchell|pig-pickin-cake|barbecue,s:wp-pig-pickin|s:wp-pig-roast|s:wp-whole-hog-barbecue|s:wp-ed-mitchell-pitmaster|s:wp-kingstree-south-carolina|s:ncpedia-barbecue,cited,high,False,2026-09-15,https://nanobotco.github.io/carolina-barbecue/event/pig-pickin/
political-barbecue,event,political barbecue,stump meeting|campaign barbecue|rally barbecue|the candidate's pig,carolinas|us-south,both,,34.0561,-79.2465,"{""state"": ""both"", ""when"": ""election years; the weeks before a vote"", ""status"": ""open""}","The free feed a candidate or a party puts on to draw a crowd: a whole hog, or these days a pile of pork butts, cooked for whoever comes, with speeches or a rope line attached. It is as old as the republic in the Carolinas — the communal whole-hog barbecue fed political rallies in the colonial Carolinas and Virginia — and it has two living forms. In South Carolina the Galivants Ferry Stump Meeting in Horry County has gathered Democratic candidates on the Holliday family's land every second spring since 1880, descended from Wade Hampton's 1876 appearance there. In North Carolina the Mallard Creek church barbecue in Charlotte was the candidates' October stop from 1929 to 2024.",,mallard-creek-barbecue|pig-pickin|fundraiser-barbecue|lexington-barbecue-festival|whole-hog|pork-shoulder|chicken-bog|robert-moss|barbecue|sc-pee-dee|hog-killing,s:moss-barbecue-history|s:wp-whole-hog-barbecue|s:wp-pig-pickin|s:wp-galivants-ferry-south-carolina|s:web-horry-history-galivants-ferry|s:web-ourstate-mallard-creek|s:web-wfae-mallard-creek-ends|s:wp-lexington-barbecue-festival|s:osm,cited,medium,True,2026-09-15,https://nanobotco.github.io/carolina-barbecue/event/political-barbecue/
barbecue,term,barbecue,bar-b-q|bar-b-que|barbeque|BBQ|'cue|cue|Q,carolinas|us-south,,,,,"{""letter"": ""B"", ""part_of_speech"": ""noun""}","The cooked meat itself — in the Carolinas, pork cooked slowly over coals or in a cooker and then chopped, pulled or sliced — and, by extension, the place that sells it and the gathering that eats it. Elsewhere in the country the same word means a grill, or a cookout of any meat; here the narrower sense is the ordinary one.","Taíno (Arawakan) barbacoa, a framework of sticks set on posts → Spanish barbacoa (1526, Oviedo) → English barbecue (1660s: the frame and the method; the cooked animal and the gathering by the 1700s)",eastern-nc|lexington|pig-pickin,s:etymonline|s:wp-barbecue|s:oed|s:moss-barbecue-history,cited,high,False,2026-09-15,https://nanobotco.github.io/carolina-barbecue/word/barbecue/
carolina-gold,term,Carolina Gold,Carolina Gold rice|Carolina Gold sauce|Carolina Gold BBQ sauce,sc-midlands|sc-lowcountry|sc,,,,,"{""letter"": ""C"", ""part_of_speech"": ""noun""}","Two South Carolina things with one name. The sauce: the yellow-mustard barbecue sauce of the Midlands — mustard, vinegar, sugar and spices — which Wikipedia says is sometimes called Carolina Gold and which Maurice Bessinger of Piggie Park sold in supermarkets under that brand. The rice: an heirloom variety of Oryza sativa named for the gold of its unhulled grain, grown in the Lowcountry by enslaved people from the 1780s, the staple of Lowcountry cooking, last harvested commercially in 1927 and revived from a seed bank in the 1980s.","Carolina + gold. For the rice, the colour of the unhulled grain (Wikipedia); for the sauce, the colour of yellow mustard and the brand name under which Maurice Bessinger's Piggie Park sold it (Wikipedia). Two coinages, one name, no common root but the state",mustard-sauce|sc-mustard|maurice-bessinger|joe-bessinger|maurices-piggie-park|hash-and-rice|chicken-bog|dutch-fork,s:wp-carolina-gold|s:wp-maurice-bessinger|s:wp-barbecue-in-south-carolina|s:wp-barbecue-sandwich|s:wp-barbecue-sauce|s:wp-chicken-bog|s:wp-hash-stew,cited,high,False,2026-09-15,https://nanobotco.github.io/carolina-barbecue/word/carolina-gold/
chopped,term,chopped,chopped barbecue|coarse chopped|coarse chop|chop|minced|sliced,carolinas,,,,,"{""letter"": ""C"", ""part_of_speech"": ""adjective""}","The way most Carolina barbecue reaches the tray: cooked meat cut across on a block with cleavers — in the east fine enough to hold the thin vinegar sauce, in the Piedmont in larger pieces. At a Lexington counter it is an ordering word with a scale, chopped, coarse chopped, sliced, and each is a different plate from the same shoulder. 'Sliced' is the far end, the shoulder cut into slabs and not chopped at all. A whole hog is chopped all together, skin included, so that every tray gets every part.","chop (v.), mid-14c., 'to cut with a quick blow', of uncertain origin, perhaps Old North French choper or Old French couper 'to cut'; the noun 'a slice of mutton, lamb or pork' from the 1630s. Coarse chopped: the same, in larger pieces. Minced: Old French mincier 'to chop in little pieces', in English cooking from the late 14c. Sliced: the far pole — not chopped at all",lexington|eastern-nc|chopping-block|whole-hog|pork-shoulder|pulled-pork|outside-brown|lexington-barbecue|meltons-barbecue|skylight-inn|barbecue-tray,s:etymonline|s:ncpedia-barbecue|s:wp-barbecue-in-north-carolina|s:wp-whole-hog-barbecue|s:wp-meltons-barbecue|s:web-lexington-barbecue-menu|s:wp-skylight-inn-bbq,cited,high,False,2026-09-15,https://nanobotco.github.io/carolina-barbecue/word/chopped/
dip,term,dip,Lexington dip|barbecue dip|the dip,nc-piedmont,,,,,"{""letter"": ""D"", ""part_of_speech"": ""noun""}","The Lexington word for its sauce: vinegar, water, ketchup or tomato, salt, black and red pepper, sugar to taste — thin enough to pour, reddish rather than red. It goes on the chopped shoulder at the counter, sits on the table in a bottle, and is the dressing of the red slaw. Each pit's recipe is its own and, the town's own article says, closely guarded; the taste runs from tangy to slightly sweet or spicy. The eastern sauce is the same idea without the tomato, and is not called dip.","dip (v.), Old English dyppan 'to plunge, immerse', from Proto-Germanic *daupejanan, a causative of *deup- 'deep'; the noun 'act of dipping' 1590s, 'liquid into which something is to be dipped' 1825; also in the 19th century 'a sweet sauce for pudding' and 'the juices and fat left after cooking meat'; the party dip of 1962 is, etymonline says, probably a re-coinage",lexington-dip|lexington|red-slaw|pork-shoulder|vinegar-pepper-sauce|heavy-tomato-sauce|warner-stamey|lexington-barbecue,s:etymonline|s:wiktionary-dip|s:ncpedia-barbecue|s:wp-lexington-north-carolina|s:wp-barbecue-sauce|s:wp-north-carolina-barbecue-society|s:wp-barbecue-in-north-carolina|s:wp-barbecue-in-south-carolina,cited,high,False,2026-09-15,https://nanobotco.github.io/carolina-barbecue/word/dip/
down-east,term,Down East,down east|Downeast|Down-East,nc-east,,,,,"{""letter"": ""D"", ""part_of_speech"": ""phrase""}","In North Carolina, the coastal plain east of Raleigh — the barbecue east, where the hog is cooked whole and the sauce has no tomato; eastern North Carolina barbecue is also called Down East barbecue. The narrow sense is the string of fishing communities east of Beaufort in Carteret County — Bettie, Otway, Straits, Harkers Island, Gloucester, Marshallberg, out to Cedar Island — and Wikipedia says the phrase has broadened to mean eastern North Carolina generally, the central coastal plain of Greenville, Goldsboro, Kinston, New Bern, Rocky Mount, Tarboro, Washington and Wilson.","down + east, a sailing direction. Along the New England coast the summer wind is south-westerly, so a ship bound east from Boston runs downwind, and Maine was Down East (Wiktionary; Wikipedia). In North Carolina the same phrase names the coastal communities east of Beaufort in Carteret County and, broadened, the eastern part of the state (Wikipedia)",eastern-nc|whole-hog|vinegar-pepper-sauce|white-slaw|piedmont|pee-dee|skylight-inn|meltons-barbecue|bob-melton|ed-mitchell|dennis-rogers,s:wiktionary-down-east|s:web-dictionary-com-down-east|s:wp-down-east|s:wp-down-east-north-carolina|s:wp-meltons-barbecue|s:wp-ed-mitchell-pitmaster|s:wp-skylight-inn-bbq|s:wp-barbecue-in-north-carolina,cited,high,False,2026-09-15,https://nanobotco.github.io/carolina-barbecue/word/down-east/
dutch-fork,term,Dutch Fork,the Dutch Fork|the Fork,sc-midlands,,,,,"{""letter"": ""D"", ""part_of_speech"": ""noun""}","The land between the Saluda and the Broad rivers above their meeting at Columbia, in Lexington, Newberry and Richland counties, settled by German-speaking Protestants in the middle of the eighteenth century and named for them, Dutch for deutsch. It is the upstream end of the mustard belt: the yellow mustard barbecue sauce of the Midlands is linked to the German families who settled between Orangeburg County and Newberry County, and the Fork is the Newberry end of that line. Lutheran churches, place names and family names are what remains of the German; the dialect is gone.","Dutch, in its older English sense 'German': from the late 14th century Dutch meant German and the non-Scandinavian continental Germanic peoples generally, from Middle Dutch duutsch, cognate with German deutsch, from Proto-Germanic *theudo 'of the people'; the sense narrowed to the Netherlands around 1600 in England, but in America the older sense lasted, as in Pennsylvania Dutch (etymonline) + fork, Old English forca from Latin furca, of rivers from 1753 (etymonline): the land between the Saluda and the Broad, which join to form the Congaree at Columbia",sc-mustard|mustard-sauce|carolina-gold|hash-and-rice|dukes-bar-b-que|maurices-piggie-park|slaw|piedmont,s:etymonline|s:wp-dutch-fork|s:web-sc-encyclopedia-dutch-fork|s:wp-barbecue-in-south-carolina|s:wp-barbecue-sauce|s:wp-dukes-bar-b-que|s:wp-hash-stew|s:wp-congaree-river,cited,high,False,2026-09-15,https://nanobotco.github.io/carolina-barbecue/word/dutch-fork/
fixins,term,fixins,fixin's|fixings|all the fixins,carolinas|us-south,,,,,"{""letter"": ""F"", ""part_of_speech"": ""noun""}","The sides and trimmings that come with the meat: slaw, hushpuppies or cornbread, boiled potatoes in the east, hash and rice in South Carolina, pickles, sweet tea. 'Fixings' is American English of 1839 for the garnishing of a meal; fixins is how it is said and, on Carolina signs and menus, how it is spelled. Beth Tartan wrote of a Raleigh hostess telephoning Melton's — 'Ride me a party' — and Melton's putting barbecue and fixings on the bus to her.","fix (v.), late 14c., from Old French fixer, Latin fixus 'fastened' → fixing, verbal noun, 'act of putting in order', c. 1600 → fixings, American English, 'apparatus' 1820, 'food, garnishing' 1839 (etymonline); spelled fixin's or fixins for the g that Southern speech drops",barbecue-tray|slaw|hushpuppies|cornbread|boiled-potatoes|hash-and-rice|brunswick-stew|sweet-tea|light-bread|meltons-barbecue|dukes-bar-b-que|skylight-inn|pig-pickin,s:etymonline|s:wiktionary-fixings|s:wp-meltons-barbecue|s:wp-skylight-inn-bbq|s:wp-pig-pickin|s:wp-dukes-bar-b-que,cited,high,False,2026-09-15,https://nanobotco.github.io/carolina-barbecue/word/fixins/
hog,term,hog,whole hog|hogg,carolinas|us-south,,,,,"{""letter"": ""H"", ""part_of_speech"": ""noun""}","In Carolina barbecue speech the animal is a hog. Whole hog is the eastern North Carolina and Pee Dee style; a hog killing is the winter work of the farm; a hog's size is its dressed weight. American dictionaries make a hog a domesticated swine of 120 pounds or more raised for market and a pig the younger, smaller animal; the pit's small hogs of 80 to 120 pounds dressed sit at the bottom of that range. The pig pickin' hog is a barrow, a castrated male, or a gilt, a young female — boars and sows are too big.","Old English hogg, implied in the late-12th-century hogaster and written hogge by the mid-14th century; origin uncertain — a Celtic source (Welsh hwch, Cornish hogh 'swine') is proposed, and the OED, quoted by etymonline, calls it improbable. The original sense was age, not species: a castrated male, or a swine reared for slaughter at about a year old; stockmen also said it of yearling sheep and horses",whole-hog|hog-killing|eastern-nc|sc-pee-dee|pig-pickin|pork-skins|hash-and-rice|pork-shoulder|barbecue,s:etymonline|s:web-dictionary-com-hog|s:wiktionary-hog|s:wp-dressed-weight|s:wp-pig-pickin|s:wp-whole-hog-barbecue|s:web-ncpedia-hog-killing|s:wp-barbecue-in-south-carolina|s:wp-hash-stew,cited,high,False,2026-09-15,https://nanobotco.github.io/carolina-barbecue/word/hog/
light-bread,term,light bread,light-bread|lightbread|white bread,carolinas|us-south,,,,,"{""letter"": ""L"", ""part_of_speech"": ""noun""}","The Southern name for white yeast bread — a store loaf or a soft bun — as against cornbread, biscuits and pone, a dense cornmeal cake. On a Carolina barbecue tray it is what the sandwich is built on: chopped barbecue and slaw on a soft white bun. At the Skylight Inn the sandwich is on a white roll; Dukes buffets in South Carolina set out white bread beside the hash. Dictionary.com labels the term Midland and Southern U.S., and defines it as white bread or any bread leavened with yeast.","light (adj.), Old English leoht 'not heavy', from Proto-Germanic *lingkhtaz — of bread, risen with yeast, against the dense pone and quick breads of cornmeal — + bread. Midland and Southern American English for white bread, or any bread leavened with yeast (dictionary.com); 'Southern US: white bread' (Wiktionary)",barbecue-sandwich|barbecue-tray|hushpuppies|cornbread|white-slaw|skylight-inn|dukes-bar-b-que|meltons-barbecue|fixins,s:etymonline|s:web-dictionary-com-light-bread|s:wiktionary-light-bread|s:wp-cornbread|s:wp-white-bread|s:wp-whole-hog-barbecue|s:wp-meltons-barbecue|s:wp-barbecue-sandwich|s:wp-skylight-inn-bbq|s:wp-dukes-bar-b-que|s:ncpedia-barbecue|s:wp-barbecue-in-north-carolina,cited,medium,False,2026-09-15,https://nanobotco.github.io/carolina-barbecue/word/light-bread/
pee-dee,term,Pee Dee,Pedee|Peedee|the Pee Dee|Great Pee Dee,sc-pee-dee,,,,,"{""letter"": ""P"", ""part_of_speech"": ""noun""}","The river and the region. The Pee Dee rises in the North Carolina mountains as the Yadkin, takes the name Pee Dee below the mouth of the Uwharrie, crosses into South Carolina and reaches the sea at Winyah Bay. The region is the state's north-east corner — Chesterfield, Darlington, Dillon, Florence, Marlboro and Marion counties always, Horry, Georgetown and Williamsburg usually. Its barbecue is whole hog over hardwood coals, sometimes skinned first with the skin fried, and a sauce of vinegar, salt and pepper that Wikipedia calls virtually identical to eastern North Carolina's.","from the Pee Dee (Pedee) people, an Indigenous nation of the South Carolina Piedmont and the river valley; the river took their name and the region took the river's. Their language was never recorded and the name's meaning is unknown",sc-pee-dee|eastern-nc|down-east|whole-hog|vinegar-pepper-sauce|pork-skins|hash-and-rice|chicken-bog|scotts-bar-b-que|rodney-scott|rodney-scotts-whole-hog-bbq|pig-pickin|piedmont,s:wp-pee-dee|s:wp-pee-dee-river|s:wp-pee-dee-people|s:wiktionary-pee-dee|s:wp-barbecue-in-south-carolina|s:web-sc-encyclopedia-barbecue|s:wp-hemingway-south-carolina|s:wp-scotts-variety-store-and-bar-b-q|s:wp-rodney-scott-pitmaster|s:wp-kingstree-south-carolina|s:wp-chicken-bog,cited,high,False,2026-09-15,https://nanobotco.github.io/carolina-barbecue/word/pee-dee/
piedmont,term,Piedmont,the Piedmont|Piedmont-style|Piedmont Triad|Upstate|Upcountry|Western,nc-piedmont|sc-upstate,,,,,"{""letter"": ""P"", ""part_of_speech"": ""noun""}","The plateau between the coastal plain and the Blue Ridge, from New York to Alabama and nearly 300 miles wide in North Carolina; its eastern edge is the fall line, where rivers drop off hard rock onto the soft plain and towns grew at the head of navigation. In North Carolina barbecue, Piedmont style is Lexington style — pork shoulder, a red vinegar-and-ketchup dip, red slaw — and 'Western' means the same. In South Carolina the Piedmont is the Upstate, Greenville, Spartanburg and Anderson, where the sauce is a thin ketchup and vinegar and the hash is pork and beef.","Italian Piemonte, from medieval Latin Pedemontium, ad pedem montium, 'at the foot of the mountains' — Latin pes, pedis 'foot' + mons, montis 'mountain' — the region below the Alps, in documents from the end of the twelfth century (Wikipedia); through French Piémont; applied to the American plateau at the foot of the Appalachians as piemont in 1755, with the d by 1855, and extended to the foot of other ranges by 1860 (etymonline)",lexington|dip|lexington-dip|red-slaw|pork-shoulder|sc-light-tomato|sc-heavy-tomato|hash-and-rice|lexington-barbecue-festival|down-east|dutch-fork|pee-dee,s:etymonline|s:wp-piedmont|s:wp-piedmont-united-states|s:wiktionary-piedmont|s:wp-upstate-south-carolina|s:wp-congaree-river|s:wp-barbecue-in-north-carolina|s:web-sc-encyclopedia-barbecue|s:wp-lexington-north-carolina|s:wp-lexington-barbecue-festival|s:wp-barbecue-in-south-carolina|s:wp-hash-stew,cited,high,False,2026-09-15,https://nanobotco.github.io/carolina-barbecue/word/piedmont/
pit,term,pit,barbecue pit|the pit|pit house|open pit,carolinas|us-south,,,,,"{""letter"": ""P"", ""part_of_speech"": ""noun""}","The place the cooking happens. First a trench in the ground filled with hardwood coals, the split hog on a rack above; then a wide, shallow container of cinder block, brick or steel above ground, still a pit; then, at many places, a gas cooker, still the pit. The word also names the room, the building — a pit house — and the restaurant, as in Backyard BBQ Pit or Dickey's Barbecue Pit. A smokehouse is a different building: a windowless outbuilding where hams and bacon are cured in cold smoke for weeks, not a place a meal is cooked.","Old English pytt 'a hole in the ground, water hole, well, grave', a Germanic borrowing of Latin puteus 'well, pit, shaft'; the barbecue sense keeps the hole's name after the hole has become a box of brick or cinder block above ground, and then a gas cooker inside a building",brick-pit|block-pit|burn-barrel|hickory-and-oak|direct-heat|gas-and-electric-cookers|pig-cooker|pitmaster|backyard-bbq-pit|skylight-inn|henrys-smokehouse|ed-mitchell,s:etymonline|s:wiktionary-pit|s:wp-pit-barbecue|s:wp-whole-hog-barbecue|s:web-sc-encyclopedia-barbecue|s:ncpedia-barbecue|s:wp-skylight-inn-bbq|s:wp-ed-mitchell-pitmaster|s:wp-smokehouse|s:wp-barbecue-in-the-united-states|s:wp-pig-pickin,cited,high,False,2026-09-15,https://nanobotco.github.io/carolina-barbecue/word/pit/
pitmaster,term,pitmaster,pit master|pit-master|pit man|pit boss,carolinas|us-south,,,,,"{""letter"": ""P"", ""part_of_speech"": ""noun""}","The person who runs the pit — the fire, the coals, the turning of the hog, the call that it is done. A recent word for an old job. Wiktionary defines it as one who operates a barbecue pit and adds that it is used as a term of respect; dictionary.com dates it 1980–85; Wikipedia titles its articles 'Ed Mitchell (pitmaster)' and 'Rodney Scott (pitmaster)', and BBQ Pitmasters has been on cable since 2009. In the Carolinas the older words are the cook and the pit man, and a place is known by a family's name before any title.","pit (Old English pytt, the cooking pit) + master (Old English, from Latin magister 'chief, teacher'; 'a workman qualified to carry on a trade on his own account' from c. 1300), on the pattern of quartermaster and the other -master compounds for the person in charge of a thing",pit|ed-mitchell|rodney-scott|pete-jones|wayne-monk|adrian-miller|whole-hog|southern-foodways-alliance,s:etymonline|s:wiktionary-pitmaster|s:web-dictionary-com-pitmaster|s:web-texas-monthly-call-barbecue-greats|s:web-destination-bbq-history-of-barbecue|s:wp-bbq-pitmasters|s:wp-ed-mitchell-pitmaster|s:wp-rodney-scott-pitmaster|s:wp-adrian-miller|s:miller-black-smoke|s:wp-whole-hog-barbecue|s:web-lexington-barbecue-menu|s:sfa-oral-histories,cited,medium,True,2026-09-15,https://nanobotco.github.io/carolina-barbecue/word/pitmaster/
pulled-pork,term,pulled pork,pulled-pork|pulled,carolinas|us-south,,,,,"{""letter"": ""P"", ""part_of_speech"": ""noun""}","Pork cooked slowly over coals or in a cooker until it comes off the bone in strands, then taken apart by hand or with forks rather than cut. Outside the Carolinas it is the name of the dish, and the dish is a shoulder — the Boston butt, the upper shoulder, is the cut it almost always means. Inside the Carolinas the meat is called barbecue, and 'pulled' is one answer, with 'chopped' and 'sliced', to how you want it: Memphis pulls by hand; the North Carolina east chops fine; Lexington serves it pulled or lightly chopped, leaving strands.","pull (v.), Old English pullian 'to pluck off (wool), to draw out', of uncertain origin + pork (n.), c. 1300, Old French porc 'pig', Latin porcus; the participle names how the cooked meat leaves the bone — pulled apart, not cut",barbecue|chopped|pork-shoulder|whole-hog|lexington|eastern-nc|barbecue-sandwich|sc-mustard|ed-mitchell|dukes-bar-b-que,s:etymonline|s:wp-pulled-pork|s:wp-boston-butt|s:wiktionary-pulled-pork|s:wp-barbecue-sandwich|s:wp-barbecue-in-north-carolina|s:wp-barbecue-in-the-united-states|s:wp-whole-hog-barbecue|s:wp-ed-mitchell-pitmaster|s:wp-dukes-bar-b-que|s:ncpedia-barbecue,cited,medium,True,2026-09-15,https://nanobotco.github.io/carolina-barbecue/word/pulled-pork/
slaw,term,slaw,cole slaw|coleslaw|cold slaw|barbecue slaw|red slaw|white slaw,carolinas,,,,,"{""letter"": ""S"", ""part_of_speech"": ""noun""}","Shredded raw cabbage, dressed and served cold, on every Carolina barbecue tray and most sandwiches. East of Raleigh the dressing is mayonnaise or whipped salad dressing and the slaw is white or yellow; in Lexington it is vinegar, ketchup and pepper — the dip — and the slaw is red, also called barbecue slaw. South Carolina buffets list coleslaw among the sides. The word is the back half of coleslaw, and the front half is not said; coleslaw came to the colonies with the Dutch settlers of New York.","Dutch koolsla 'cabbage salad' — kool 'cabbage' (from Latin caulis) + sla, clipped from salade (from French) — → American English cole slaw, 1794, heard and written as 'cold slaw' → slaw, the back half alone, by the 1860s",red-slaw|white-slaw|lexington-dip|barbecue-sandwich|barbecue-tray|eastern-nc|lexington|jerry-bledsoe|dutch-fork|fixins,s:etymonline|s:wiktionary-slaw|s:wiktionary-coleslaw|s:web-dictionary-com-slaw|s:web-dictionary-com-coleslaw|s:wp-coleslaw|s:wp-red-slaw|s:ncpedia-barbecue|s:wp-lexington-north-carolina|s:wp-barbecue-in-north-carolina|s:wp-cuisine-of-the-southern-united-states|s:wp-dukes-bar-b-que,cited,high,False,2026-09-15,https://nanobotco.github.io/carolina-barbecue/word/slaw/
barbecue-postcards,art,barbecue postcards,linen postcards|Tichnor cards|advertising postcards,carolinas|nc|sc,both,,,,"{""kind"": ""postcard"", ""state"": ""both""}","Between about 1930 and 1945 an American restaurant could order its own postcards by the thousand. A printer took a photograph, had an artist colour it by hand, and ran it on paper with a woven texture — the linen card, whose surface takes bright ink and softens a plain building into something worth mailing. Roadside businesses on the highways through both Carolinas bought them and set them by the register. The caption on the back names the route number, because that is how a customer found the place again.",,roadside-barbecue-signs|pig-mascot|barbecue|fsa-barbecue-photographs|meltons-barbecue,s:commons-bpl-tichnor|s:commons,harvested,medium,True,2026-09-16,https://nanobotco.github.io/carolina-barbecue/art/barbecue-postcards/
cannibal-pig-sign,art,the pig that serves itself,cannibal pig|suicide food|the self-serving pig|pig in a chef's hat,carolinas|us-south,both,,,,"{""kind"": ""sign"", ""state"": ""both""}","A barbecue sign on which the pig is not the meat but the staff: a pig in a chef's toque carrying a covered tray, a pig in an apron at a pit, a pig in sunglasses eating a pork sandwich, a pig holding the restaurant's own name over its head. The animal about to be served is drawn recommending the meal, and the joke is never explained on the sign because it does not need to be. The form runs from nineteenth-century trade cards to lit plastic on a bypass, and both Carolinas are full of it.",,pig-mascot|roadside-barbecue-signs|pigs-in-the-city|maurices-piggie-park|bessingers-bar-b-q|maurice-bessinger|hog|barbecue|political-barbecue-prints|pig-pickin,s:blog-suicide-food|s:web-stranger-suicide-food|s:web-boingboing-suicide-foods|s:web-laweekly-smiling-pigs|s:web-ourhenhouse-suicide-food|s:web-ephemera-pigs-trade-cards|s:commons-margolies|s:commons-highsmith|s:commons|s:wp-maurice-bessinger,cited,medium,True,2026-09-16,https://nanobotco.github.io/carolina-barbecue/art/cannibal-pig-sign/
fsa-barbecue-photographs,art,The FSA photographs of Carolina eating,Marion Post Wolcott in the Carolinas|FSA/OWI Carolina photographs|the 1939 Farm Security Administration series,carolinas|nc|sc|sc-lowcountry,both,,,,"{""kind"": ""photograph"", ""state"": ""both""}","The Farm Security Administration — a New Deal agency for rural poverty — kept photographers on the road from 1935, and their negatives went to the Library of Congress as federal work, free of copyright. Marion Post Wolcott worked North and South Carolina in 1939. What survives of Carolina eating is the occasion rather than the pit: a corn shucking at Tally Ho, near Stem in Granville County, North Carolina, with the tables that followed it; ministers and deacons at an outdoor picnic near Yanceyville; and a Fourth of July on St. Helena Island, South Carolina, shot on Kodachrome, which was new.",,hog-killing|fundraiser-barbecue|pig-pickin|adrian-miller|sc-pee-dee|eastern-nc|roadside-barbecue-signs,s:commons-fsa-owi|s:commons|s:miller-black-smoke,harvested,medium,True,2026-09-16,https://nanobotco.github.io/carolina-barbecue/art/fsa-barbecue-photographs/
pig-mascot,art,the pig mascot,the smiling pig|the house pig|Little Joe|the roof pig,carolinas|us-south,both,,,,"{""kind"": ""mascot"", ""state"": ""both""}","One pig, drawn once, used everywhere a barbecue business puts its name: the sign, the menu, the sauce label, the takeout box, the trailer door, the roofline, the weather vane. It is standing, smiling and usually dressed. It has no job in the picture — it is neither cooking nor eating — and that is what separates it from the pig that serves itself. A mascot is an identity: a customer who sees a pig on a bottle in a grocery aisle is meant to think of a particular pit in a particular town.",,cannibal-pig-sign|roadside-barbecue-signs|pigs-in-the-city|maurices-piggie-park|maurice-bessinger|wilbers-barbecue|carolina-gold|mustard-sauce|hog,s:commons-margolies|s:commons|s:wp-maurice-bessinger|s:blog-suicide-food|s:web-piggiepark-history,harvested,medium,True,2026-09-16,https://nanobotco.github.io/carolina-barbecue/art/pig-mascot/
pigs-in-the-city,art,Pigs in the City,Lexington's painted pigs|Pigs on Parade,nc|nc-piedmont,NC,,35.824,-80.2534,"{""kind"": ""statue"", ""state"": ""NC""}","Life-sized pig sculptures, painted by artists and set out on the sidewalks of Lexington, Davidson County. Uptown Lexington, Inc. — the non-profit set up to bring business back to the town centre — ran the first exhibition in 2003 with twenty pigs, each sponsored by a business for $1,000, which paid for the whole thing. More than 40,000 people came that first year. The pigs are fibreglass blanks, identical until the artist gets them, and they come back painted as anything: a fire engine, a bulldozer, a jigsaw puzzle, a winged horse. Retired ones stay out around town.",,lexington-barbecue-festival|lexington|pig-mascot|cannibal-pig-sign|hog|bar-b-q-center|lexington-barbecue,s:wp-lexington-north-carolina|s:commons-pigs-in-the-city|s:commons|s:wp-lexington-barbecue-festival,cited,medium,True,2026-09-16,https://nanobotco.github.io/carolina-barbecue/art/pigs-in-the-city/
political-barbecue-prints,art,Going the whole hog — the 1830s barbecue lithographs,The Political Barbecue|Going the Whole Hog|Jackson-era barbecue cartoons,us-south|carolinas,us,,,,"{""kind"": ""print"", ""state"": ""us""}","A small group of American political prints from the 1830s in which the barbecue is the joke and the pig is the politician. A lithograph — a print pulled from a drawing made on stone, the cheap illustrated medium of the period — could be sold loose from a shop window within days of the news. H. R. Robinson of New York issued The Political Barbecue in 1834, laying Andrew Jackson on a grid iron over a brick pit lettered PUBLIC OPINION, with one bystander remarking that in South Carolina it is called barbecue. Others draw out the campaign phrase going the whole hog. They are the oldest barbecue pictures this project can show.",,political-barbecue|whole-hog|hog|robert-moss|barbecue|cannibal-pig-sign|fundraiser-barbecue,s:moss-barbecue-history|s:commons|s:wp-whole-hog-barbecue,harvested,medium,True,2026-09-16,https://nanobotco.github.io/carolina-barbecue/art/political-barbecue-prints/
roadside-barbecue-signs,art,roadside barbecue signs,Bar-B-Q signs|the pylon sign|pit signs,carolinas|us-south,both,,,,"{""kind"": ""sign"", ""state"": ""both""}","The sign a barbecue place puts at the road: a steel pylon with a lit box on top, neon or bulbs picking out a name, a bottler's disc above it, and a changeable letterboard underneath for the day's news. Most spell the word Bar-B-Q, hyphenated, because three short units fit a tall narrow cabinet better than nine letters do. What survives in photographs that anyone may reuse comes almost entirely from one man's slides: John Margolies drove American highways from the late 1960s to 2008 photographing exactly this, and the Library of Congress bought the archive and the rights with it.",,cannibal-pig-sign|pig-mascot|barbecue-postcards|fsa-barbecue-photographs|barbecue|maurices-piggie-park|cheerwine,s:commons-margolies|s:commons|s:wp-maurice-bessinger,harvested,medium,True,2026-09-16,https://nanobotco.github.io/carolina-barbecue/art/roadside-barbecue-signs/
free-to-use,story,Where all of this came from,resources|open sources|how to check us,carolinas,,,,,"{""kind"": ""resources""}","Everything on this site is built from things anyone can open: public-domain cookbooks, openly licensed encyclopaedias and photographs, open map data, oral histories published by the people who recorded them, and the directories that businesses list themselves in. This page is the list, so a reader can check the work or go further than we did.",,southern-foodways-alliance|campaign-for-real-barbecue|north-carolina-barbecue-society|south-carolina-barbeque-association|adrian-miller,s:web-feeding-america-msu|s:web-wikibooks-cookbook|s:commons|s:web-greenbook-nypl|s:osm|s:natural-earth|s:web-eatokra|s:web-black-restaurant-week|s:web-wbenc|s:web-sba-wosb|s:web-charlotte-lgbt-chamber|s:web-blue-ridge-pride|s:web-afa-charleston|s:web-sc-pride|s:web-osm-lgbtq-tag|s:sfa-oral-histories|s:true-cue|s:ncbs|s:scba|s:miller-black-smoke,cited,high,False,2026-09-16,https://nanobotco.github.io/carolina-barbecue/story/free-to-use/
how-to-order,story,How to order,what to say at the counter|ordering,carolinas,,,,,"{""kind"": ""essay""}","At a Carolina barbecue counter the words are short and they mean particular things. Barbecue is the meat, not the event. A tray has no bread; a plate does. Chopped, coarse chopped and sliced are three different textures off the same shoulder. Outside brown is the crust and you have to ask for it. This is the vocabulary, west and east, with what it gets you.",,chopped|outside-brown|barbecue-tray|barbecue-sandwich|hash-and-rice|barbecue|dip|lexington-barbecue|skylight-inn,s:reed-holy-smoke|s:garner-book-of-barbecue|s:wp-barbecue-in-north-carolina|s:moss-barbecue-lovers-carolinas,tradition,medium,False,2026-09-16,https://nanobotco.github.io/carolina-barbecue/story/how-to-order/
the-great-divide,story,The Great Divide,east vs west|the barbecue war|vinegar vs dip,nc|carolinas,NC,,,,"{""kind"": ""essay"", ""state"": ""NC""}","North Carolina cooks barbecue two ways and has never agreed to disagree about it. East of Raleigh the whole hog goes on the pit and the sauce is vinegar, salt and pepper with no tomato in it. In the Piedmont only the shoulder goes on, the sauce gets ketchup and a little sugar, and the slaw turns red because it is dressed with that sauce. The argument between them has run in newspapers, been put to a vote in the General Assembly, and is conducted daily at lunch counters in both places.",,eastern-nc|lexington|lexington-barbecue-festival|jerry-bledsoe|dennis-rogers|red-slaw|vinegar-pepper-sauce|lexington-dip|sc-pee-dee|sc-mustard|adrian-miller,s:wp-barbecue-in-north-carolina|s:web-ncga-hb433-2007|s:reed-holy-smoke|s:miller-black-smoke|s:wp-barbecue-in-south-carolina|s:sc-parks-sauce-map,cited,high,False,2026-09-16,https://nanobotco.github.io/carolina-barbecue/story/the-great-divide/
